File ID,Bytes File Size,ASM File Size,Ratio
04hSzLv5s2TDYPlcgpHB,460288,1059502,0.4344380661858118
05aiMRw13bYWqZ8OHvjl,7379456,15800755,0.4670318601864278
065EZhxgbLRSHsB87uIF,8359424,96072155,0.0870119338948939
08BX5Slp2I1FraZWbc6j,1098752,4738670,0.231869279776815
0aVNj3qFgEZI6Akf4Kuv,445440,1414060,0.3150078497376349
0DbLeKSoxu47wjqVHsi9,1098752,6215335,0.1767808171240971
0EL7OGZKozbiNCVP61gk,3801088,9225214,0.41203250135986
0eN9lyQfwmTVk7C2ZoYp,5033472,171260,29.390820973957727
0gcZkSFr7VnEmLPbTxUe,4825600,8944375,0.5395122632939696
0GUIi7xAlODwZ4YBenNM,1870848,12416079,0.15067945363427537
0gxJ1YmwFUvnOzoM8N53,7780352,76928416,0.10113755624449618
0hZEqJ5eMVjU21HAG7Ii,5300736,176674,30.00292063348314
0hZqVRKkw7GfMdpalLiN,8493056,34283974,0.2477267075281296
0I4ZVvngsAatm8fzD3pk,1262080,3965141,0.31829385134097377
0ItXlAUOhK8ZYdDf7HW4,460288,966035,0.4764713493817512
0Iv6U2hbcP1xeBitW5Oo,549376,5582369,0.09841269898138227
0K4sTCLtrIJ5SinQbe7u,8507904,177985,47.801241677669466
0LAXajqhQy7po16dw8Tx,5300736,176343,30.05923682822681
0M7aSiE9csDzkmfKheVt,5033472,172342,29.206299102946467
0mgFnqeLAMr7jthUYRTv,460288,987728,0.4660068358900426
0MmZ8j5pn2R3VG9wlxYi,2078720,5426966,0.3830353829377225
0njs7MJQObCY8ABgykiP,950272,8655310,0.10979063719265976
0NyfGXt8nmlK72Q9Irhs,1455104,4917259,0.29591770537203754
0PlfqyKM1JtYZx2me5FU,5300736,178910,29.627947012464368
0PREAmkFZjrftD3LiwOV,7409152,14886985,0.4976932535365623
0pXDqTLSebKWgaUOdnVE,831488,8041946,0.10339388003848819
0qV43bnIcBDPF1WlG6tJ,4825600,8978286,0.5374745246475775
0rgi8OfjvwKbA57IXVcE,2959757,31568111,0.0937578114826066
0rGlKyvn5Vo67RaDhPti,460288,978718,0.47029685772612745
0S7z4qxYTHPUDO8fgIyA,534528,902858,0.5920399442658757
0sH5GdO3LpZwMbPaXjfN,623616,1351637,0.46137831385201794
0SHJ2aOnMCUGdLZrTQDV,8493056,177203,47.928398503411344
0SIqXMkDBWKE8s9pQaOv,579072,454373,1.274441923265687
0sLBvJeYl5UkiRzV1atI,2509312,5882077,0.4266030519491669
0sM2atqTo48GgnFwhQXu,3801088,9205421,0.41291843143295676
0sYDNzwVMaWE2TIZeA81,8493056,273773,31.022255664364273
0tZy7jgOKCIJslPRvrop,3058688,34793643,0.08790939195415669
0uZcAvaHLitbWmC1QMXf,6225926,20919335,0.2976158658963108
0V6UmdMg7wQGXslAzORJ,9413632,16526438,0.5696104629442835
0VnTurd7B4YsH63wUGJ2,222720,430094,0.5178402860769972
0wkFafuhqSr1Z5J7K6C9,2717184,7328908,0.37074882097032735
0XrH26wcU1ASsvK5ZqhD,1172992,917310,1.2787302002594543
0YCvp8xd4rjiDMKFV9PA,979968,5385613,0.181960345089779
0YIPlyX3fbNs2ntJRGgH,11329024,228596,49.559152391117955
0ZAJlqmphO4fjnVB6bMz,460288,1051863,0.4375931086082503
10H9detwuiZByNSRMmxf,2212352,22247291,0.09944365810650833
13FZ9DOhywk78sJiVULu,4840448,8587573,0.5636572754607152
148bgAqCj3NzaHwSP0Gu,3088384,34829337,0.08867191471373687
18te652nLyCi3IrZqMOJ,5300736,184733,28.694039505664932
19B6wSHOLmjhGPoquTbW,697856,1364151,0.5115680009031258
19lTEvHhVDprkGxgXLcf,8493056,34286001,0.2477120618412162
1aAwe4J9VHrsq8uEoZhf,1915392,4815051,0.39779267135488283
1ARrSUKCbhWeTFyjp4ix,460288,1100509,0.41825010063525153
1AXVt0D9mSU26fL4iFGc,920576,1481217,0.6214997532434478
1BDCxE2AMQN9yH6sWdIo,9250304,106761043,0.08664493845381409
1bL4yiwCUvSOg7tBJudf,2331136,11641609,0.20024173634417716
1buWc2A0VeMrkNpohCPy,8493056,34284652,0.24772180858070253
1DNWriJEg56S03yvjTBu,4127744,7736355,0.5335515239411842
1EisIfzGOTX8hKaFH6uy,8493056,177963,47.723717851463505
1eJx34l8pcAFvMuOwrjB,2197504,11208420,0.19605832044123972
1el4qZPVwIXavrChcyGp,1276928,7473603,0.1708584199615634
1eOaAY4fpV38LIdhxl95,489984,3797874,0.12901533858153272
1GRsOmJXetEkqIraBuSd,4413948,34993103,0.12613765632616233
1h7nkscUw5lDurHXPE20,1069056,4738670,0.22560254248554976
1hK3zVxBGXmtTP6JlHwb,1959936,9861867,0.19873883920762672
1ik3ncdBTYIJAgfmjpwz,1915392,4815047,0.39779300181285876
1KCvMqIFUoaB6wfOc2xQ,5300736,176415,30.04696879517048
1KjZ4An78sOytkzgRL0E,5300736,182845,28.990325138778747
1L8Wt9XTV3pInwaqiobG,8493056,180125,47.15090076335878
1MjkqlJ7L6EoAPXb2fKV,861184,7798772,0.11042559008007928
1mlhNbQOFU0VtAP8ZJBk,460288,965517,0.4767269763246012
1mStzMaQ8RUVBx7TkF4o,534528,689715,0.7749983688914986
1NiArstKkEmMf0vjDd7l,5300736,179380,29.55031776117739
1Nu6CWGKlM4Xgi2x9a8H,2078720,5367939,0.3872473215511577
1NvKF7pMREf4iVyzZewr,1351168,429066,3.1490912819939125
1OHzGWXBTlpyVsIPK3kj,801792,1088187,0.7368145364721321
1otbAhISV0yQ7vF6zndx,1262080,2602596,0.4849311994639199
1PQFYMSBLAO9TmKk2Zhj,786944,4837134,0.16268807107679878
1q92fF8uKHitWlaIkXzQ,2212352,6927955,0.3193369471943741
1rCGTyze8Mqbtx49fQOu,8507904,137445,61.900425624795375
1Skcwz5YxWihMqIyt30X,2004480,5369445,0.37331232557554833
1T3m7BMCLXpu9JjyKH8R,593920,2434826,0.24392708144237002
1tBWqEHyDjQpKrGg5ulh,579072,2271015,0.25498378478345585
1TKPznCeQg9cHYflavwb,623616,1834734,0.3398945024183342
1tzCLRxMuGS0yKI3lj8c,935424,1068525,0.8754348283849231
1uNTL24yHl3EVFidSzUA,920576,8554112,0.10761795029104132
1Vd3xZnQl87fbhPoSYJ6,2078720,5917575,0.3512790289941403
1vQKJIkiBaTVxc5uYCZW,6280704,12852800,0.48866425992779783
1YAFzJjOeKUCc7pubM9q,2271744,6894177,0.32951634401031477
1yC7BzWHgtI2FibhQ0km,2331136,12108844,0.1925151566904322
1zVtBw2rdTN9j7a4xZE0,460288,1038034,0.4434228551280594
21l6VM9tKEuCUhL7DjeY,653312,769784,0.8486952183989275
25JcvPNOIBXgSrAEtpUy,5033472,179918,27.9764781733901
25jQ4xItcnbB6Hfo0E9T,1692672,10959762,0.154444229719587
27V4S1ncC3fj0gitGuDI,816640,2085855,0.391513312286808
29FZvBJyX0GbnaLAYeKw,8493056,170334,49.86119036716099
2AloO4fCXKL9DnYdeQUP,772096,7958732,0.09701243866485264
2bf65CdkZTUGXjzq9KNJ,7676416,16979648,0.4520951199930646
2cf8jvWxmkMu6s10zbqN,460288,962793,0.478075764987905
2DbfJX4WgzP0R8BwrHyS,8329728,95923114,0.08683754783023412
2e5P1iKzXugGRBFfOEnc,2093568,22903629,0.09140769788054111
2ECqL8au6iS3jNJDoOdn,8493056,34161519,0.24861470592101012
2EgZDWKnJV3Gz4TkIiYU,8493056,178187,47.66372406516749
2eJq8SOvi1Bs4T9XNEj6,593920,6489846,0.09151526862116605
2EkHfwNj5o7JcDq6UzuG,8493056,169732,50.03803643390757
2eqnSQrGfCXupwkDtIJ6,920576,3779532,0.24356878047334962
2F5DOMVLNGfQKePHdwru,1395712,6383362,0.21864841755802036
2FfmJdWv6RrIjzYhaKZ1,8493056,180980,46.92814675654768
2gMFLJAaNEkx7oWRwl54,4296176,36234569,0.11856567136206311
2gwSoct3BzRUvajVeCLu,5033472,171681,29.318748143358903
2HRQ1j0Dx3fv8Ad7n9rg,890880,1709528,0.5211262991890159
2jHV3wyk5aDGBs9SFCvW,742400,1833838,0.4048340147821127
2kjJp4LQZsyxwquaB7WA,13244416,132569807,0.09990522200880929
2L8T9IgSrJs7mlF5PueZ,816640,5148909,0.15860447329715868
2LEOmN89p57jGayvcXet,2004480,3654021,0.5485682758801879
2LR1cT43f809ZG6KUd5l,3563520,2828325,1.2599400705364483
2mZqzjspRt5Xy4B9f03L,8507904,264061,32.21946444192819
2NakDPd4GWEwzuHhTx5o,4810752,8873984,0.5421186245095777
2nr0GTSxN4zKobZqwpy6,727552,5633487,0.129147719698297
2NYAUVgtXPpbJzRQO7Cl,8552448,84917986,0.10071421147458678
2O8w7LMDfCgRhnvNuetV,10556928,106121700,0.09947944671071043
2oMjFb1UfIym9ZgxDPqG,5285888,188627,28.022965959274124
2oyTpmYF4tSuBH9kXQc7,801792,1013261,0.7912985894058885
2OZkNTqAJ8X61eK4pjhR,460288,965165,0.4769008407888807
2qSURceVYgQEhOFAdPXC,861184,6913924,0.12455792108793791
2qZrQoxyYDeadjIp3mSH,1351168,1400333,0.96489049390395
2r0UYLcKCxnRovpj5dlQ,5478912,7175263,0.7635834393805495
2RsBPMStVQNc7x3kgYde,1766912,1888568,0.9355829390310542
2SnRYbpqifxILdT4Wg9m,2776576,399687,6.94687593041555
2SRWXLQomgJyliq3G6BM,2331136,11645388,0.20017675666967902
2vzlFiPL03STnwtDhoCU,683008,4166422,0.16393154606038465
2WkGMV9mKJrBAOZL5zdI,4825600,8730171,0.5527497685898707
2X3tMeVL1QZ4WJmdqkUz,8493056,180204,47.13023018356973
2xlhAE5LO8RFfczB6ep3,5300736,179092,29.597837982712797
2YNFrzjaecyUInXCDVmt,2331136,11579215,0.20132072856406932
2ZPDI3tv7UdhkfRWu54L,2256896,12852560,0.17559894682460148
2zUdQEyv5oKARaYGxhXk,7602176,14049818,0.5410871514492216
2ZY5e4PHsEAvkziQGFR6,2331136,11715701,0.19897537501170437
30htxi8FRcmfUkInewlS,362279,3991773,0.09075641325295802
32r6nRhN1UCwtFTfy8ZG,1012904,10896964,0.09295286283408846
32rcXoa5QI1EmxBFS9he,683008,3819129,0.1788386828515088
35B8Vh0Q9k4STsiCtKx2,5300736,176156,30.09114648379845
35dbDR8KSIwZNAPlcgTi,4513792,170565,26.463764547240054
36mPaSFkA7gVLnCbhqTt,460288,962278,0.4783316255801338
37MUhjJKBdCYFZyvqHWu,1380864,2327477,0.5932879250793885
37Og0blzE4WYpZ5c9LMN,5033472,171102,29.4179612161167
387RdPoyKxJIZr1YNcO6,2078720,5334639,0.3896646052338312
39gowdFUK2kGxcBnbALH,1128448,6259531,0.18027676514422566
39YX8jkenM2UHOvCRDq5,905728,8585863,0.1054906187065878
3afO9NUdwDyT6IlAm7gk,623616,1286598,0.484701515158581
3aisrYOcQetkUqnfvp5K,757248,2545017,0.29754143096097196
3b7cK2nPtTHIQ658wsYk,11329024,227484,49.80141020906965
3Bsqe5aIEWKZvOjXmox9,696000,7395600,0.09411001135810482
3Cb9mdkictPwsSOTKUIY,579072,825435,0.7015355539806284
3Ce9LP6ngx2uBtSyczRG,534528,4926868,0.10849245402961882
3cG5wXTa8pRN7ObFtE4K,4825600,7967372,0.6056702260168095
3cLxp0USf758FCdWIMeb,460288,1001526,0.45958667074045007
3d2x0BYR7aiJLfPNsbgo,237568,1566098,0.1516942107071205
3eaqPVnAvws1lHzX9GhD,846336,7843065,0.10790883411013424
3eHwdBolFKi4PahtXSyg,5033472,172724,29.14170584284755
3eNs5FMHf1IcySgw6QG2,8493056,34283726,0.24772849952190143
3FNOSAujbRIDnZqhmeMo,1009664,5618524,0.17970271195780244
3g7SToXfidhHqjZ5RJUb,994816,6045205,0.1645628229315631
3IZHa2xXVu6KrgNoPd9W,2078720,5347888,0.388699239774655
3kpwYGsKyF8HlnjDm6aA,8493056,180099,47.15770770520658
3LOYzcPQdE7yresjlXVm,965120,3508205,0.27510364987222813
3lVFreCQGTEnZyYs1Iiz,460288,1069790,0.4302601445143439
3mpsxg2FODqCAXHbMKPi,4513792,173051,26.083593853834998
3MZriOFjTzUcpWfl4nah,801792,7706917,0.1040353749754928
3nqel6RATDmiaQJwpZCz,9740288,16175756,0.6021534944023637
3nxujXtip8hGHb6ZQdA4,2108416,5458092,0.38629176642680263
3OX0rbks7LQmeDcKx8C4,475136,3622988,0.13114478988061787
3pU5vISM0d7gtEi6wFXr,460288,1028925,0.44734844619384306
3PUsV4jflnCw8mGHZIgK,549376,1005954,0.5461243754684608
3RiBw0ntobeCh5VEQrY1,638464,3589142,0.17788763999864035
3Rpwdu5AN4l2KkeoYHED,801792,7661575,0.10465106717613545
3RrCi87ovZ1Qw6WuygGB,9280000,20807608,0.4459907164725518
3rsuE2CHA4WG16fQynUK,8493056,177588,47.8244926458995
3TDhUPRqnKiQ8VpB6oCY,11329024,172003,65.86526979180596
3vG9FbUS2P8Xcfsj4WLw,8507904,134919,63.059346719142596
3wauD2jYkTUn7izLcvV8,920576,8845590,0.10407174648610211
3Wi8BgsVyjH7oKbEPq9f,876032,4539860,0.19296454075676342
3WPEFKHwX1DLBI4bzAM7,8493056,171757,49.44809236304779
3X2jQ6SzeKCxA7WmlqoZ,8493056,180134,47.148544972076344
3X2nY7iQaPBIWDrAZqJe,415744,19668,21.138092332723204
3x9R8E6Gv5JhDda2eoq4,8507904,127246,66.86185813306508
3xhmsIkdn7FPL4G9a0Qg,816640,2835400,0.2880158002398251
3yALVj1gQbw6HfK4WMvl,5404672,16952207,0.31881819281701784
3yitlJFLwPhTcNbUA2aS,8493056,34283704,0.2477286584903428
3yPmbIvrqGOeWRSUnFTA,460288,964013,0.4774707395024756
40dBpWDhOUzZ5yVAKJF3,1945088,3478287,0.5592085989454004
41o3zDTReYVFtpOB7EWl,2182656,5792578,0.3768021768545888
41sxuO3ZpR5vAc0Kbjqe,935424,656559,1.424737152335129
496EYbjny1LlaK3sr5Zu,683008,1387460,0.4922722096492872
49epoGtYixcgnkfwJ2dv,2049024,22603539,0.09065058352145652
49RfyxpQP1CzvneWIG5q,7320064,13797403,0.5305392616277136
4augeM3l7UKbHc6ITnOL,8493056,165030,51.46370962855239
4AuqM30HyOajgr8SleRL,2331136,11697973,0.19927691746253817
4bEmQThjKsiSPcFfzv1q,668160,1082088,0.6174728857542086
4c3h7j0QyqIgnKFzA5vR,4513792,178664,25.26413827072046
4CLQnNRbyBDWOaIMFog7,7127040,72964872,0.09767768797017831
4dgyhKqaZbAvwx2eXFsc,8775168,18818517,0.46630496972742325
4dYWHLCBPVg5xTAzRK0e,5508608,62095974,0.08871119406227528
4EB7To6p1z8FAQekCjZi,5300736,175567,30.192097603763806
4Eo8QvuZFWCBR6i0rhs7,5300736,185505,28.57462602086197
4f91UESFtRDrnLdyZOCN,4261376,23959002,0.17786116466787724
4FdKAHtfpGS1hCjgyNJo,460288,1008918,0.45621943507797463
4fYojiJ3XwcILTA6KlWu,4558336,171107,26.640266032365712
4GUJ7HBXO8I56WyRSMQd,2331136,12526992,0.18608904675599697
4iD1ec9BR6Mghzm82yqs,6830080,69565643,0.09818179931147909
4InZfrkMYP8UQOaevoK0,8507904,128369,66.27693602037876
4JGbOVQnEt3ZP5acW7Yz,593920,6490201,0.09151026293330515
4jNUtkx1QJrzdo2ZqB6K,8507904,274356,31.01045357127236
4jVLlkxAIGvb3MBzDYHc,13244416,132381098,0.10004763671018954
4kuxDJlwWHMi5KX3SVQq,2108416,5487127,0.3842477128741507
4Mt53c8yqLWdVzrUoFOP,1529344,10535270,0.14516419607660744
4n5LKPoBHSyfNz6iWJeQ,1024512,115280,8.887161693268563
4nEqldNaweD7j806tbhk,2093568,5475321,0.38236443123608643
4ng9zuri2Dtm5H8INwxF,5508608,61955908,0.08891174672155559
4NnkJueQdl9yX7ITwZKY,11329024,168254,67.33286578625174
4Nxt0uDWz8f6YpPqCTM5,5300736,59179543,0.089570411180769
4OfNIyw7BxlzSHWEi3mL,801792,7010384,0.11437205151672149
4omjpRdNPCMSfxi3TyEA,8493056,34288988,0.2476904830203796
4QCBDTJFskOqox0H8XIL,2331136,12466740,0.18698841878470235
4Qcv9hWIsmBX3PUNLltT,3073536,34818945,0.08827194505749672
4RKTW3jA6pyNbV2lgUst,460288,962171,0.4783848193304517
4S1uOdNGqKkCxZFVWAzB,460288,995019,0.46259217160677335
4suKxkVWNqFQZLB5UfXD,2331136,11787693,0.19776015544347822
4vr2yUw5PiEgN6BaWRho,8493056,181281,46.85022699565867
4WaGm3PhidQVRopgXz7J,786944,4392710,0.17914772429775697
4wIxhDlpCbJVkZLfHKtP,6562816,32720819,0.20057004074378457
4wrp1jESmXKUAvH5s2aR,8493056,149781,56.70315994685574
4wv86XGCOkUWEAPrJtDi,4573184,4807340,0.9512919826764905
4wvKaeRqlQSBEP9nLOMI,1499648,6406224,0.23409234519429856
4XAPr8eSwWqzUlc739ZY,608768,1208642,0.5036793359820361
4XEdp5nArx9TN3qZ62kf,890880,174356,5.109545986372709
4xPwVZd8CpJEAUIebmvB,1128448,1153408,0.9783597824880701
4zB07s1G3KjqYibEO5J2,8507904,126359,67.33120711623232
508Uk9z1gvCtucARFWG3,2331136,11632734,0.20039450743049741
50f7jCS4w3hED2ueRosN,1425408,6909571,0.20629471786309164
50iq3CaS7H1PDWetAMLR,8507904,128414,66.25371065460152
5102w8Hp4TRkWbIUXSgZ,2152960,12906605,0.1668107143590433
51NK2bWwuvf6rH7RTCPk,4355684,35409236,0.1230098271535709
51qVyQZvcFaz89onAOBS,1974784,5283054,0.3737959142571702
56KhNHUTXZpryYaGqoj4,460288,965944,0.4765162369661181
57aolZC6XSxqr2HiGsfV,5300736,176023,30.113882844855503
59P7Kv8cMforuZUpVQnY,1529344,4105252,0.3725335253475304
5a8pEcRyqVKFmYnGsTrb,3147776,30437193,0.10341873509820698
5aqZV2vfkm63IeXYPlWg,786944,4556577,0.17270508102902685
5AycfmLjIp7NnvgS1JYW,8493056,34281877,0.2477418608088466
5bNgRzHpdGInuxjQBvFt,8493056,164969,51.48273918130073
5CQsuk3ygnTmHKEBDbzZ,1202688,7010239,0.17156162578765147
5dqijn0zcEPgONTLFRoI,475136,3580900,0.1326861962076573
5fcdwygv9TKrl3GW0zMA,11329024,172177,65.79870714439211
5FyHhsqWCcxTkAS7wVlD,4513792,186639,24.184613076580995
5gVwWXsxtIzEn6RUJq7G,623616,1311579,0.4754696438415071
5i3dyOv9GDKJuCVHF0q1,4810752,8932556,0.5385638780210278
5iJsI0VCgF2D1Gukdayc,534528,676347,0.7903162134229914
5JfdLYbqX8oFmD1WTg97,772096,3818168,0.20221635087822223
5jkOh9VRtDcMElf1TUBo,638464,1305776,0.48895369496759017
5Kj6AhNFgwEU9aeCXTOy,608768,1075571,0.5659951783750212
5MjiBxhL0nSvV9CUedQI,4281386,39312016,0.10890782095733782
5NMDYGWr4mKFTIk1fQUH,8493056,170247,49.88667054338696
5nPbr70kNiOSQGZmL8IH,2167808,12250913,0.17695073012109383
5PBvwNE8sCzm1bjUlf6A,5033472,179265,28.078386745879005
5PIwjdM6ROvnbiN9Dx0a,831488,2760075,0.3012555818229577
5QjzywcSG4XLhNRt8unq,5300736,176711,29.996638579375364
5qQY8mHGLFA1pZgWPOXM,564224,3481150,0.16207977248897634
5QvCJULkphcYGge78RNs,252416,2087108,0.12094055506471155
5R3hLjKfZMi8mYI2zVwb,519680,4828179,0.10763478321744077
5scq0VdirPRF8DxUKbh1,801792,7648025,0.10483647739122191
5sLXK39w4fkSzAVi1Q6U,1158144,1278654,0.9057524553162936
5W4u3pSRyDefEKhVNZms,460288,1033130,0.4455276683476426
5Xc0iAYjsG7ugxrZNIoS,7156736,14411955,0.4965832879716874
5XPfYvNdQRIBJoWmj3Os,5300736,178174,29.75033394322404
5xzWZR1OXkKjBTtPYVai,8507904,243503,34.93962702718242
5YcQadwmPLqg72tvW8iS,3771392,8928989,0.4223761503122022
5yeOrl2fKasq6BnStQ4G,1083904,6222410,0.17419360022885025
5YhH9bwB2VyoukplmOQA,1366016,15658890,0.08723581301101163
5zYVF03NXadb7Gv64PqC,8760320,18798056,0.4660226568108958
602shC5njSE4yHNZ3QFM,5493760,61276588,0.08965512244252243
60C4Kupa7OAXWcjTQIqy,11329024,224366,50.49349723220096
60q1Io2usSnJWyNpzDlA,549376,4740004,0.11590201189703637
61ZG4u8AIUrOMNRYf0sC,623616,1362685,0.45763767855373766
63vS2seA0bRQhG4fugWE,8507904,150560,56.50839532412327
65cjJpPCUQiLDRyXfWd4,979968,6187745,0.15837239575968304
67LFYMBVhdD3Jo2UGRSX,5300736,177655,29.837246348259267
697TFDm0KRiZIgB4pJG1,5300736,185329,28.601762271420014
69jsYQMcGwzrBLUPRb5e,2628096,11807934,0.22257034973264586
69MHIoldGcUTvxEOXJyw,2152960,23350988,0.09219995316686386
6a9QCg870OIZxrEmqK2l,11329024,206671,54.81670868191473
6aTHENeI5PBYgzJndM7V,445440,225452,1.975764242499512
6B17gNAqEZiQyvt8FDP3,608768,1240155,0.49088057541194446
6bqeRU05pPKuGxQ7NEkO,460288,962805,0.4780698064509428
6CbnMfItA5py0odwQjPR,5300736,177214,29.91149683433589
6cJ4OV1TGifn92SCPNEA,1781760,11515459,0.15472765783804188
6CsTIZDSEdqNzi5tOKBo,786944,7966003,0.09878781115196668
6cylqphx5sHCm4fYBEdK,4558336,171679,26.5515060083062
6cYUST29aReytkJO4zXi,252416,2137540,0.11808714690719238
6DBKSix3qaP1HcQ8r7uG,1826304,19678127,0.09280883287316928
6Ep5PZ3J09edDNo4ahx8,1885696,3454826,0.5458150424941806
6GbjZn4wEtWSkrJUzoVc,6236160,14213234,0.43875728775027556
6gHI9qzDjmLhd4nWS3oi,786944,4517734,0.17418998108343697
6HdwDkgvEnNh9cqlyfR7,2331136,11648101,0.20013013280018777
6Ij39ZnpNmcdKOUe0BvY,876032,5165674,0.16958716326272236
6JckVCSUd5azvlGjBtbu,653312,122741,5.3226876104969
6JcOPhsUjbfXgnoQaHyN,1100608,6609106,0.1665290282830991
6jCs7bHULZXW3kKtxNRw,1098752,1351816,0.8127970078768116
6JOiKa5LrAtu42TpY7kI,13244416,135242189,0.09793109752164689
6KauYyxGt1n8wViqbe5X,608768,1119034,0.54401206755112
6McvAWZj4285L7XPrwnE,5241344,187928,27.890170703673746
6MfjO3CBFGpvi2mWzwkV,460288,1029811,0.44696356904325163
6mKG5UgpFBOYCdR3Wz8J,8507904,129693,65.60033309430733
6NCw8nF9A7fUzYLyJIiD,8507904,183776,46.29496778687097
6NH7fncljqxP30hOriSw,2063872,22760579,0.09067748232591095
6OaQhmCAoK3e8qH7NrB5,2286592,11871299,0.19261514683439446
6p0xPcyrDB4R8YNHEsnU,1930240,3523370,0.5478391426390076
6pvAOQCLGgPa1EKniNW0,1083904,6026492,0.17985654008998933
6qjSVHW1IFQOTALiRzca,4825600,8696031,0.5549198249178274
6qU3wkD1pLx42PcgMFEO,460288,959333,0.4798000277275982
6qx5KcpelROjwUVJS01I,772096,7392014,0.10445001862821147
6r02dN7YEojsfTQkzlGh,8493056,178105,47.68566856629516
6rH4RophlktZL3Cwefbu,4840448,9021282,0.5365587729105464
6SHqMnAlwd79OrYL50Ti,1618432,9493679,0.17047469163429688
6slf2AGqxWCP53Z9NuhI,1054208,2849236,0.3699967289476898
6sSpDfKNmx3R4rjQeW9M,460288,970111,0.4744694163863723
6TUw1J5DR47dAgmjHLOs,1514496,7897955,0.1917579930500997
6u25JYNBy8wzSHUjqxvh,237568,930361,0.2553503425014591
6v3P0dtFROb2kyiNrKQ1,1529344,2643663,0.5784943088434494
6v4lNabkVg0pe15nLshu,9725440,17008824,0.5717879143202376
6w02fn5UqNDMd1tISWKc,2865664,17883296,0.16024249668517482
6WDhbdurpOMFTsP8XkUm,460288,961866,0.478536511322783
6wHyQ3DVLMBtsxnhGvmo,193024,365122,0.5286561751962358
6WKbReFUk18wYnCNQsyH,460288,1061443,0.4336436341847843
6z8BRNc5EJetqCs4kZYl,1440256,4920857,0.29268397760796544
6ZdpisIvCL1GornaSU4D,920576,8710258,0.10568871783132026
6ZY9Al0hSbQBGF1RcLVH,638464,1937041,0.32960789162438997
723C8e4nNUKMLrQZYdpP,1395712,3705558,0.37665366457629323
73LO4S6We2aGQvM0qCXo,8671232,17359295,0.49951521648776637
75qSAohLWYb60Hs24NUF,7691264,17256870,0.4456928747797254
76cGRgDJyFW08rY1tz59,579072,677930,0.8541766849084714
78LEYtRhNmAP9Oogdv2Q,3637760,21818660,0.16672701256630792
7a5RVl9htyOJcBUK4rQm,1336320,6569202,0.20342196814772937
7aEbXfVnzhG6dRMLT58q,1306624,6509093,0.2007382595393859
7AJMbxOIN3YyFnjg5oDR,460288,964798,0.4770822493413129
7brc10uy63I9lxBGkJD8,876032,8420971,0.10402980843895555
7c06VofO9jp8dkSIunga,2331136,11791908,0.19768946636964943
7cx4QdBWg9wMa2pvOLuo,4721664,4808681,0.9819041853680874
7D92cJaF5QIdpA1OEhSt,252416,2155529,0.11710164882959125
7DU2vQMzELbKx3tBjg9O,8493056,34165828,0.24858335059229356
7dW2EIJqY86gKjPbtCkw,460288,1033003,0.4455824426453747
7eicxTZ3pDPf65O1RLXg,9369088,97493785,0.09609933597305716
7GsWJqlM3kCt62axD5O8,237568,1699906,0.13975360990548888
7h32P6rADjMVEQuoOJIB,5449216,18972417,0.2872178067770701
7iBwyZQ5kxGEjPN9fThM,846336,7932825,0.10668784449423756
7iEfJHXeGdvRDhx364nL,549376,4882840,0.11251157113483137
7IpfdG8WOkLFojV5bwJr,549376,4873252,0.11273293480411027
7iQNYb2mIPzy354RMLX6,6637056,13821172,0.48020934838232243
7IrpXlvH6LOStVaewBPg,445440,397349,1.1210296238319462
7JjQBd2CAyvtgYlSL0e3,9443328,96580697,0.09777655673783345
7KqfVlEBOmr6tTQewNG8,4558336,172196,26.4717879625543
7KVtWPn30iJpvBkIej4o,445440,1489618,0.29902968412035835
7l4AkQw3Gx8XRcJO1gaK,549376,1269165,0.4328641272017429
7lYJNX4TjapibMyvd9sz,8493056,181649,46.755313819509055
7o5WIv30JPjRy1LHQbGq,1009664,6216537,0.16241582733280602
7oKB6OiGX8LStVwnqlQI,8493056,176539,48.10866720667954
7oMbW9DCm6tQn5FTRIus,727552,1390197,0.5233445331848652
7Ounj5D9ZaJBSbK0iodY,4246528,1918627,2.213316084887787
7OZ8auLijd26EwXcIGHo,579072,3677211,0.15747586961966556
7ptdL0VO1BzPlWXnGHwJ,4513792,136507,33.06637754840411
7QrNYCk9O18JlZWgxmwE,683008,3867143,0.17661824245961424
7QtHrPMIOSsxAde6wnv0,697856,916216,0.7616719201585652
7qY2raQ6izp1KwGcsdyn,8300032,16472004,0.5038872015815441
7r4nyOFDRwkc2EgxopWV,2331136,11840363,0.1968804503713273
7rneDC6Ng10vEPuicRWV,1781760,7521060,0.23690277700217788
7RVrih9gAL1FodIKNTc2,475136,143865,3.3026517916101903
7Rx5kEXu8PUcAvqodymC,1410560,2443302,0.5773170897416693
7s4hmScB9p6HZfNFwVri,579072,909592,0.636628290486284
7schXvl2FHSujB3aVK9e,2078720,5447511,0.3815907852228293
7slN1qRFSycIgd9Qwejx,8493056,181953,46.6771968585294
7sNR0UFCQniz8vbhVpIo,1529344,4075518,0.3752514404303944
7T49Xi2bgMIxcAQKdfky,1959936,19773192,0.09912087031775142
7UFMw39SLs8Qn4RuIY6W,460288,1000142,0.46022264838392946
7uqOdRfD2MNowsIh3xUX,697856,1411431,0.49443153792144284
7Uzm5a3KiuTxZPWt8sRb,8493056,176616,48.08769307424016
7vhxTb5Y8IVO9wHBfyq0,8493056,34217552,0.2482075865625922
7VlzMYyLUfaWkmPe4huH,831488,5588566,0.14878378460592573
7vS8qWAMU6VzbglhF4r3,1484800,6543300,0.22691913866092034
7W4mwlHBPNdcFaViXsrD,2331136,12092732,0.19277165821586056
7waVJqpLnoxz4fKsZv39,3058688,34654299,0.08826287324409592
7XNob9FGEw6nCSOZT0vJ,2108416,23102729,0.09126263827965951
7yhwG9NErjks0RDc15B2,2138112,3457217,0.6184488853317567
7zIMcQ35pnFfgE9qr6vs,2063872,5359421,0.38509234486337235
81BI6Ky9bfr4CL3TUkFp,6681600,69274279,0.09645138277079722
82AIq1lR7GwbtSsTWQNP,1217536,2730428,0.44591397392643206
82C7lgFmjsNTu9fBdHbi,950272,607209,1.5649833912211446
849LvXpTdqesHuxnwfOG,2331136,11574011,0.20141124801073715
85m4HMaLjpTxtlovqZw0,5300736,177979,29.78292944673248
85Mk6byWNR1wCETYisFp,1648128,16322343,0.10097373888050264
85qIWFZNGAb6nLug14lH,11329024,225120,50.32437810945274
85qyLrVc1vhsKCfnNXmx,816640,7345069,0.11118207330659521
86ltmd4JPQnVozyK37bB,2152960,23312723,0.0923512881785624
87Cf2go9YulDiHEyekaS,1945088,22121192,0.08792871559543446
8a39lGQmftE0MngbKCqu,460288,960387,0.47927345955328426
8a3GEC7cPKtx0lI6qYvL,237568,1479840,0.16053627419180452
8aIkyv7jJRcWpYOD9Ub1,1321472,899554,1.4690302083032258
8c90RlPJHzhmKp1YZN75,564224,4740004,0.11903449870506438
8cqDWHrnyKRC2Ja9biQ5,786944,7673832,0.1025490263534568
8cXfpniBZaYVAzg5xt19,2613248,13483887,0.1938052432507036
8db5LXcqCo9SJBVxQ1g0,460288,1071223,0.4296845754805489
8F32X71gy4wZrtvmNA6d,623616,2601316,0.23973096694134816
8inLjyQfkReMHmNUE4qg,8582144,16190072,0.5300868334618895
8J209kMCyFvWuInbYcio,816640,7792110,0.10480344861661348
8JdntIrPBj61FRx39cfb,623616,3741433,0.16667838232035692
8jeHRBlOysCUn9FKaAuf,653312,2043508,0.3197012196673563
8l5jU3sPg4MomRFwL9zT,4810752,8889931,0.5411461573773745
8mAqS5PYhyIwls9t1r0Z,8507904,144644,58.819612289483146
8MFRorIPmY0iKq5Wz4xB,8493056,34279832,0.24775664011422227
8MSg6ycte4mZsOQL9bVN,2004480,21226605,0.09443243514448024
8odIrLKhPvcDWNCVasUl,772096,4040227,0.19110213361773978
8pfbAyu34zotUCZwsv2G,475136,384733,1.2349759443562158
8PuImCboM1zNrUSD7OhV,549376,868613,0.6324749917397046
8qCPkhNr1KJaGtZ35pBc,579072,6307370,0.09180878876615768
8QqTlOsYx5oLychRPgX3,5300736,178387,29.714811056859524
8rD4bFYzXTVB5IPH1Mdv,6844928,69356229,0.09869233230659066
8rKwml3nGVhWAiUjDH19,534528,756964,0.7061471879772354
8rSBUFw4tsPubz672vET,1262080,7502742,0.1682158336245602
8Vaqh6ofRjLcy2CwpEHZ,5315584,59739464,0.08897943911917254
8VGXzLxvhH0qIltWc35U,4399158,35129159,0.12522810466370687
8vLGE0QNUBHaK3dt5hyl,5033472,188863,26.65144575697728
8VlJEcmXepIy9RS3GMTq,12502016,20203611,0.6188010648195513
8VrlyPxXiEU2Bwg5ce3Q,5404672,60805749,0.0888842270489917
8w2sWctxOpoIH7VbFREX,4855296,9050673,0.536456902155232
8w5bxPTmWXjst7BafQHl,1573888,1810493,0.8693146010506531
8WmlQwgVXPJzeT36c0af,2123264,23370550,0.09085211944092031
8XwCLB6D3cMFWT9dtKSA,11908096,120837959,0.0985459875236721
8xZW7jgeCML04hIw3tOB,1425408,2554070,0.5580927695795338
8YF6Rbc7mGV5udHJPMpI,623616,2864976,0.21766883911069412
8YRgqWs2wULtCov0pkT5,742400,1803309,0.4116876253598246
91GncYPQHMUTaSuZBqxJ,935424,8702439,0.10748986577211285
92xGBknJqLXYFcgUmjVl,14164992,143299487,0.09884886747710409
93hSUYmZjMsVpPcHJRCo,2034176,5414441,0.375694554617919
93lsPQvIXLHNfCyY2nVr,4370900,35711566,0.12239452058753178
93prvATOY7WiulSKUcRm,3073536,34827660,0.0882498565795118
93QCNLn5FD2pueg7GdXB,4810752,8917219,0.5394901706462519
93u1tN26E8eySoFxaign,608768,1295880,0.46977189245917833
972muzardTq3IUKHODvP,549376,4854696,0.11316383147369063
974hJRWKfvXaTtNoqMGl,5271040,188605,27.94750934492723
9C7P6vDFXbryOshpKcfn,5300736,186801,28.376379141439287
9cuvUrSgBCIq6L3p0He7,579072,3180298,0.18208105026635868
9DiHIregYkyCL3lzNvtJ,2063872,22790855,0.09055702385891183
9dYh3wO2WUFAH5f8VyKQ,8507904,137222,62.0010202445672
9eMPNZm0jOhr1SLBDs46,2331136,11831506,0.1970278339883359
9etf3m1LnKEFTNoSj574,2331136,12163969,0.1916427113551506
9FfKH0kuryGZqiTmglh7,8493056,163438,51.96500201911428
9FGfW0bhXZDRKa6dY1Ju,460288,1109800,0.4147486033519553
9ftj5a4V8hCr3pTAUiGl,5300736,177623,29.842621732545897
9fyAiTPMpZvqX6Khnb7V,8493056,164270,51.701807999025995
9gBVZNKoIPkFM8vOp45G,1024512,5691453,0.18000886592580137
9HAkGKpDrq6hecQZysNd,7112192,14307423,0.4970980448400806
9hu54PH0G1qoxEmT7AMb,1069056,1682370,0.6354464237950035
9itfPnyplHZhTb8IMYq3,3801088,1897065,2.0036677710041566
9jOk8Tn5JMt4qcXmplfx,2004480,5324577,0.37645807357091465
9KBhpLPe6o13q0QHMjk4,742400,1647445,0.45063719881392095
9kcl1e37zbpLWTPhSoiH,2093568,22581741,0.09271065503762531
9l5grVFxD4EItfTnqmks,460288,969824,0.47460982611277924
9lHyVeXERtIaZcL4kWqM,237568,1573499,0.15098071241227354
9M6r8hsleUKTmvfB7Yn2,2331136,12300615,0.18951377634370314
9MAtXYCG3brN6auwUjQO,1143296,1548619,0.7382680956387594
9ml614yxaYqeibfruLWz,564224,3697938,0.15257800428238658
9MW5Nuf0ogCEcRlYJeKG,1410560,2863316,0.49263162012156536
9N7hmb2VQnZoJBvLTWlt,460288,1002932,0.4589423809390866
9OufdwHvaNyjoQBbePC4,489984,751600,0.6519212346993082
9PDzWKXE735IH8V1hoR4,905728,5772374,0.1569073660161313
9PjuhOrlRqxHeQcEBYMX,8493056,272094,31.213683506435277
9Py0kQsvVcHmJe8fZEdT,4810752,8914051,0.5396819022013672
9rYnHZKwqkfS43RQ5JhE,786944,3547747,0.22181514070760966
9SOPAylKjf2HnxEhRC6I,8493056,180491,47.0552880753057
9sqHEPM5v1ZixBWn8mtl,5300736,59548792,0.08901500470404168
9tmX2JACrdeGWHkY3fwi,935424,977433,0.9570210950520394
9U2dK1jG06Y8kNnPZWM5,1217536,4145315,0.293713746723711
9vS2ZE3gVx1XwkcRioz7,772096,2721873,0.2836634920145062
9vSJ1dDnwbxl4Fm0By8h,861184,5135418,0.16769501528405284
9XRnlJD64Wzy3gNUhkMC,4513792,171344,26.343449435054627
9Y2lyb1ocjBFCxJqQEZ3,905728,2385304,0.3797117683951396
9ybCjYPNtAS3pBU7IfdR,2331136,12320698,0.1892048648542477
9yEnJoLOWURsBbt2FivP,3073536,34843620,0.08820943403699157
9yEvV8KfDm3hcUZPqBe0,5285888,5362695,0.9856775371338478
a0IC5NMWt9HkBdfOZ8nK,460288,454222,1.013354703206802
a1u9v0bUgGqk5nBwQ2tm,831488,7731640,0.10754354832868576
a26fPimxvt4dTLeAVGJH,5434368,60586729,0.08969568236634792
a29m3nUocvzC8hBOWkTL,8493056,34286916,0.24770545125726676
a3BszoA7hXZc0EuHjmwi,8507904,243653,34.918117158417914
a3V71kjmx5AwEivJMuGQ,757248,2548134,0.2971774639795238
a4lrvUoF016MZ2m7dczE,8493056,164352,51.67601246105919
A4VuQZbt2oGyOkUcvS7W,2331136,11519819,0.20235873497665197
a63qScpsxBFJtAXjd1nV,2345984,11759524,0.1994965102328972
A6RirTm0V4X5OcaS87e2,1172992,1379273,0.8504422257232614
A7g1E4jMhaFSwliBqHnX,5033472,178792,28.152669023222515
a7Niv6pD5WPycnQK1TZ8,11329024,171632,66.00764426214226
a7xm4JhCvO9NWVeKMEBn,4513792,170705,26.442060865235348
a82KdTuoj3nB9bU7IfeJ,4617728,4666175,0.9896174061195733
A8hKH57o1Fj0ZgI4q9QX,2331136,12092318,0.19277825806433474
a8hZBDrjGiMdtzSklFNV,5493760,7412406,0.7411574595347313
A8REQ3NzB0dtHFCWDhoc,4356076,38374123,0.11351597533577511
a9oIzfw03ED4lTBCt52Y,683008,3207511,0.2129401894490775
a9qc1ZCzupOiSsjHdx8e,8493056,167271,50.77422864692625
a9xbnOcl4UsVTKWjmk10,2123264,5275039,0.40251152645506505
Aa9zCWtbpOo750IlMRdY,1766912,170697,10.351160243003685
AafDoztH3lGEhknjFZJM,8493056,181294,46.84686751905744
Ab76U0fJanpo2QwxVN9e,2286592,11796395,0.19383820226433585
ABDGLcYxIh1efOnq98vg,5300736,175593,30.187627069416205
ABedwUfPmn9jv5YNbykK,2910208,32407469,0.08980053332767209
AbnCYsqpKWGyQE2vh8DV,1959936,5308284,0.36922214410532667
Aci3M7yVmTuk2SDgNrRw,282112,2124711,0.13277664585913096
AcIxJCZRTFUpaHove6Qf,5300736,176205,30.082778581765556
acsNRgv9KxMnXAE2YSI6,5300736,179049,29.604946132064406
ACTK9tVJunILfsYrwyFh,7097344,70481874,0.10069743605284956
ADeT217ZFlhNGQJV4mHk,1083904,6143314,0.1764363664302362
ADHdmfR8J6Ebko2P4lqI,4840448,8956286,0.5404525938541935
ADIq5LFowdEuPMOGXVcl,534528,757316,0.7058189712088481
AdpPZmQ4xzHO3WwFTqLe,5211648,57676396,0.09036015357131538
adrSTjE4bxs63w0oQR8U,1722368,19325951,0.0891220307864798
adxTjKLeEt0HFnUJq1BS,5434368,6901233,0.7874488515313133
Aep5gJWMNi4P2OLaIV7S,9072128,17850373,0.5082318447911425
aeS2NqfM8tWdDKUsQgR5,786944,4601073,0.17103488686226018
Af0aS7YtTvMFG5jhOquc,2093568,22835306,0.091681188769706
aFjtGgxzWAseZRiLJK8I,445440,1414518,0.31490585485656597
AFY7KdVJNL9ng4pjk1mx,638464,1009783,0.6322784202150363
agqI7DjH6FXER2dNJwVT,801792,3534365,0.2268560264715161
aGS0rWZK7vX8TNFUz9ci,8493056,34285406,0.24771636071627678
AgSXb01HILY3mVwfnesd,861184,5056416,0.17031510065627511
AhEcNQy9nYHdfzZreoX1,1291776,9091392,0.14208781229541087
ahwFAIPcS3yxg1j02KCJ,4825600,8489386,0.5684274457540275
AHzQrG8e6qDat3lpK4M2,727552,733066,0.992478167040894
AiaszSGJFhg0wbtyR8Op,2316288,11684935,0.19822857380036774
AiBpmbGDE1zPYOT4usqd,1707520,2028190,0.8418935109629768
aIGXWDVUyzTcrYAOeBgP,3073536,34741511,0.08846869095589999
aiIz8JfYMyPvA4SG6HUO,4825600,9021979,0.5348715619932168
aIpSDAY9T3rsCwV06Xue,4825600,8780156,0.5496029911085862
aiRmPYXZnQNA509cpthB,460288,981233,0.46909143903639605
AithdqZTbgGjRulO3Lz6,905728,8457337,0.10709375776322973
AIUyufsTl4xF6BHvVpwh,460288,1026183,0.4485437782539761
AJBxQN3qer6FYj1RkbdU,697856,6482530,0.10765179644367245
Ajcs0ECN15RQ237GBbof,6418358,9392014,0.6833846286856046
ajLmuChQW2E3inYtepOH,1514496,3561374,0.4252560949790727
ajpIxyzuMmAlJ9cw2HTY,4513792,137571,32.81063596252117
akdGAoZzC9t3jr20Wbyc,460288,1073233,0.42887984249459343
aKQpObrHFW6ymA2uwdXP,5033472,171416,29.36407336538013
al2koZ501X8hjATSLqgf,668160,720730,0.9270600641016747
Alip9zLkjS5OtryE46Rb,549376,732978,0.7495122636695781
AlkG3guJPUcqyBadfMFH,1113600,6823770,0.1631942459959817
alNJ9v5fdyO2QXruVFsp,890880,7118055,0.1251577853781686
aM6vieFrUBwbg8PdWp27,3712000,37154642,0.09990676265969674
Am7nEVXHePkCtqsdfzG5,6844928,14176506,0.4828360387249157
am8l5JjrXW2hyn3FS4iN,1930240,11254648,0.17150603021969235
AM9IXU1wJ5PHfNqoVyxa,4409856,43403650,0.1016010404654908
AmPVn2SGUxg8IT3BDda9,475136,3562692,0.13336432113693802
AmtQlj9uTKxJdONGWca4,816640,4104496,0.19896230864885725
AnLTgxmeksSPClNiQMJv,460288,1034740,0.44483445116647663
anNmxI0dCHhXqo6QWYyk,460288,966768,0.47611009052844117
ANPyxi13XKGvsF5zlQqW,5360128,19012189,0.2819311337584536
Aoa1lgwOyETuRGsIHCe3,5300736,184426,28.74180430091202
aOtVNG6x3empWgK2Zcyd,1128448,5995809,0.18820612864752698
AOVMlEpXa3N2Tj581QGc,4513792,179596,25.13303191607831
AP1FktpMolXv5yEwsKSJ,9176064,94366364,0.0972387152693517
APHtWI0Cm8T2yK9ZeBFM,668160,754413,0.8856687252208008
apzPxCsQNhElHbFGBLk3,2776576,5046854,0.5501597628938741
aQUM2OeWo1PwkhzsXv4x,5300736,178480,29.69932765575975
AqwKhntSpCI56vsH7WZe,6562816,13524129,0.4852671843044384
arHTiWpEOMctLjx3Gnv2,519680,879109,0.5911439878331356
ARUDbr2NviE3at0F59sY,11329024,171110,66.20901174682953
ArX2JQ5sNDhb0lyMoqu6,5285888,59297489,0.08914185219546143
aSbnYdE1tq0ivTpCKzFs,1158144,6648113,0.17420642519162957
ASDe8bT2BYWLwnOmqFJX,727552,7221617,0.1007464117800764
ASEw3L0HqWMePiy1uKxc,653312,1641254,0.398056607935152
ASod6eiQyz17bRkglJ5q,534528,4885810,0.10940417249135763
AtjeimUnQDzEqb6TN8cC,4484096,171463,26.15197447845891
ATKzi05WXfeNpJPcvmaZ,1811456,3330076,0.5439683658871449
AtMdKfnuLBgoj17xEsqY,8493056,271009,31.338649269950444
Atpz1WjXkcIo7l5TPh9Y,2435072,11790028,0.20653657480711665
atyecAsOdg0rzCXHNvxT,1128448,3829836,0.2946465592782563
AU1Y7aLp3ryXsnWN6oHQ,8493056,272350,31.18434367541766
Au5EYTxqCHhdtjBXJfsp,8507904,146620,58.02689946801255
AUdusxNDrKT41q6GimcS,979968,5473369,0.17904292584695095
AUHE2QB3peXGCJ5FMcK0,1143296,2571466,0.4446086395853571
aUufGnCVsQDZogv7wHiN,4513792,137348,32.863907738008564
Auv3RhZlU6tXcdDQjg2i,504832,616996,0.8182095183761321
Auv9HCxOZViJnjMaSIt0,6221312,3696211,1.6831593218027867
AVG9IvBRfaEbZn1DhSNp,4350464,33508782,0.1298305620299777
AW0VsbwKSIHgXBZupjGP,5464064,61993069,0.0881399177059616
Aw5bfaXUP67lZN0cjzqO,460288,1070656,0.42991212863889056
aWXfqViyPYSJHGwOeM07,890880,8504881,0.10474926104198283
Ax7iuDgF38YaQMmX9wVG,9146368,91462616,0.10000116331682445
aXbDi405xeqQynl69Yk2,4513792,136261,33.12607422520017
axmjW0H3EnB9JRdSibKY,608768,1230412,0.4947676062977279
aXRV9MqCorizGyKJUep0,8493056,179097,47.421542516066715
AXvM7mlBfJ8eHVDcspNz,5211648,33282062,0.1565902978006591
axVyZFikJAs2RWgrB37u,549376,1060933,0.5178234629330976
AY0G56vi1jp72ErLmkJb,1544192,4161166,0.3710959860769794
AyCpqod2kgXKjOnlEbvV,4677120,7462282,0.6267680583499793
AydrZmxNDPoiRfbvXCW8,5300736,176030,30.112685337726525
aylR8xBNVPfJ4eICGLDM,534528,2544845,0.21004344075965334
aYOGVixvL1rIfUSjBtQq,8493056,34294192,0.2476528970269951
aZ90qrU6kB3DzFwTVb7o,4825600,8958518,0.5386605239839893
aZKEkJF7CQtNSDf64d0P,683008,3875947,0.1762170638556203
AzlMdBSOuma253te0bjX,460288,969191,0.47491980424911084
B063Llt2F9Qpr5ORSbPJ,712704,2247297,0.3171383221710348
B0QeAmgHpSR3Gi4FDTZl,415744,66598,6.2425898675635905
b28VuAYhaez0lDPtc6kT,296960,2159004,0.13754490496543775
B3F57b1RXv8cuGZifynU,4840448,8999399,0.5378634728830225
B5YUlVtdxFgkTM7mN9Sh,2435072,11438889,0.2128766176505428
b6ZsxrcU9oTlziSwDGVI,653312,4386131,0.14894949558050136
B7yT9jiIw8OkC3SMlRAF,668160,2034451,0.3284227538534966
B8JrNPWkKaxyn5ci1qYb,519680,917686,0.5662939175273459
B9Er5flSnY8GPoFJb7vz,1024512,9035564,0.11338661316548695
b9PJ5cCeBG6NOymu3pfX,460288,1036718,0.4439857318962341
baFEBY4n92ZshpjgdGTc,1781760,10730586,0.1660449858004027
bakvuMgD2Xfh7JOTKQwm,876032,2948835,0.2970773203655003
banLTf3rYzPjOMK1osqd,876032,5276195,0.16603480349001506
bAPu2lGC9t5NF0EvZU7H,623616,176164,3.5399741150291772
bB4ZncTErxm083fAs5HL,8507904,275906,30.836241328568427
bBDUkAtQcTxhiGXo1N67,6325248,13129659,0.481752648716924
BC9hzqbTa0OIsePYiND6,5419520,60556922,0.08949464109156671
bcPYJlirNt5k8ye90UOE,8849408,18028183,0.49086521919596665
BCw58jIVumFW43RExqJk,5300736,183296,28.91899441340782
bDHk4ziTdugcp7jAZlE5,831488,7807361,0.10650051918951871
BdonVvH3SC2IFgc6NQTh,5300736,177300,29.89698815566836
BDpyWqHITz950E3Q8Mf6,282112,453226,0.622453257315335
bDuyza0fBOtQlPNFHnAJ,3073536,34823441,0.08826054840473692
BdZYrUSpnXvyITwgOi4H,5137408,32865392,0.1563166506579322
beDosHq791jFfRElVdmi,801792,7927305,0.10114307447486882
BEDxazQfwP7s615Vdvpi,5300736,185360,28.596978851963748
BeSFz3OshNn8uwGKUCTx,8507904,181714,46.820300031918286
bfcBD4vaOtUJG6K5imqx,861184,2431878,0.3541230275531914
BFIzDn0r5aKum4ibGtHP,801792,3475830,0.23067641397881944
bfkwFMeNh1t5dCjuyROK,8493056,171581,49.498813971243905
bFwlXdoNrsPiWEkZBOva,9562112,17280331,0.5533523634472048
Bgd518FpSGfwvekMYxUR,950272,8813117,0.10782473442710451
bghZNsw5nk9KBIJ7F1iA,4513792,170687,26.44484934412111
BGpm6FzEHcn5SujJikwy,460288,959960,0.47948664527688656
Bgqr8AmHC7WFak9cX0fL,9280000,19470238,0.4766248876875568
BH56lpgQn32eUyJDFImv,460288,960160,0.4793867688718547
BhQ38lHiDYTZUVbyonKF,846336,2160767,0.39168313844111835
bI3lF0LxVd69TQoWM5jr,831488,7862885,0.10574846255541064
bIC9f4xQYOm3SMpvgtWD,1514496,2010207,0.7534030077499482
BIoAC51ZjKvwlkWcigzs,786944,7563966,0.10403854274331746
biR27No0uO3zlPjqGfJw,4825600,7996788,0.6034422820762536
bIta6uiP0gS4lNLhKFGM,608768,1246221,0.488491206615841
BiYN91OHbgmVJnjuDyGk,2331136,12391611,0.1881221093851316
bj1D4GtRqlJwX9ypBE2g,786944,1961791,0.40113549302652524
BjrkNJeI9HMb5lOgpC26,549376,3149404,0.1744380841581455
bJvcld8YQ9OxDAnwtSfp,5033472,188040,26.768091895341417
BJxWKlM3u74OAEkSoysr,742400,7154587,0.10376559820993161
BkI0DfGqsHhejTp3v1RP,3771392,4977460,0.7576940849348864
BKt5UQleYWvJrx4N9R62,1262080,1167577,1.0809394155588883
BlFYTKkD0S9Ox5vU84X2,5315584,184229,28.85313387143175
BlHZ9E0sqgPcLaK1nVCt,564224,3864545,0.14600011126795004
Bm1b7W65puvrLdECVkay,8493056,34279243,0.24776089717033717
Bm1lbzD7fUOh8soCgRjV,801792,1799313,0.445610074511772
BM4bG5xEwohipXWTKt3U,608768,1087761,0.559652350102642
BMjeIFGzP6U7qpW8YAHC,460288,962546,0.47819844454187127
bMK0Xukv9xUAi2QSGJ6Z,8507904,126647,67.1780934408237
BmMDeyRaJzQ39WPK2VIs,6354944,13330512,0.4767216743062832
bMyP6iXzCaWhKGVZFqnl,5300736,185050,28.644885166171306
bMZdDnzxyquvFwS8J6KI,5300736,176178,30.087388890780915
bN3kfMQKxw5iLAydtaEZ,608768,1120082,0.543503064954173
Bn3MOp6gHdfLz8PboiJA,445440,1545849,0.2881523357067864
bnpVUwhFmjOAvQoL4ulx,5300736,176776,29.98560890618636
BOeTymAhdfoYM23aj5Xr,460288,961374,0.47878141077249853
BoQniFqe8vAE19rXDy6L,2078720,5370130,0.3870893255842968
BP1nuwOygHtXK57Ymdb6,801792,7586676,0.10568422850797898
BP1r4aHtfY2evFbukXZL,8493056,176880,48.01592039800995
bPdakDAsN2lrf7XFtxmM,430592,144549,2.978865298272558
BPecs2CSaTIjW3ExVlyz,5033472,180702,27.855098449380748
bpIA0CvVdmQcEB2oisqj,6251008,70121554,0.08914531472020715
bpVDY17A6qN8IiHZyBmo,1158144,2295069,0.5046227368327488
BPx5vIDXAmLkOiR1Ec3e,445440,1418493,0.3140234037108396
bqdDVk28tEPlRyvALWuw,1128448,4458877,0.25307897033266447
BqMf1a4lXre5iLzPZh7j,593920,968055,0.6135188599821291
bQoNdlu0zvWihMaDkZ64,8493056,164086,51.7597845032483
bQVJ7HpnSC01EI4PNzwy,697856,1315634,0.5304332359911648
bQZP8pT9VRCnk0OM2Etu,534528,688664,0.7761811275164666
Br5kJPaoUAEHjGcINVtS,2969600,5308516,0.5594030422061458
BRcPd4zStO9XVsnayUYw,668160,703976,0.9491232655658716
BrjnTVGRdhciKsH9Ytxo,608768,134741,4.518060575474428
BRkJYSwtpVQZ1fj76h8U,1187840,6702737,0.1772171577073664
brNWoe6SZBdJPw83YAuj,3043840,33176580,0.09174664778587786
bRoM4EpjukSGXwAlZ6zn,2497967,26666209,0.09367537020354112
brsxDiLaBgj315Emol4K,7127040,51295897,0.1389397674437782
BShUIfCj1Z8recsNWYT6,623616,821053,0.7595319668766816
bSKx5RYr13dPteiJFgmU,5300736,183927,28.819781761242233
btk1Yfq0glZevm2dPRsL,9680896,98050489,0.09873378601915998
btnjxGM0mzXWZOys5N2r,4840448,9035765,0.5356987482520849
Bu4azJQyljTOX3hCn2AN,920576,8565031,0.10748075517765202
buhAOQaykEJtsIZoWjBp,8493056,166761,50.92950989739807
buqKNv0RSThA9sF51MZe,4558336,172344,26.449055377616858
BVSv2EQDiNfR4OxL60l5,296960,2174823,0.13654444522611725
BvU3AbFVu1awtI9QGzhR,460288,1099354,0.41868952130069115
BvWnd3XlLYb1QGAyP6Zf,4424704,49217543,0.08990095259326537
bxdM9LUoRTGO4lvaAmPt,1870848,5009060,0.37349283099024566
BXKmeITqa7cfsyYEdpFS,8507904,184628,46.08133110904088
bXWLaKzxlviEY1Gt7cjw,8493056,148902,57.037890693207615
bzmIweixPWfjVQXhO3r4,697856,4141753,0.16849290626456961
Bzyp1k9xuJK3nWLsPCSa,579072,6308530,0.09179190714794096
C1Dr4KzRJ2pN0jqG8lAI,3058688,34787324,0.08792536039851757
C1OlcN2H8W0YATqZxipn,445440,707051,0.6299969874874656
c2WbVqndpY9mhHXgRTti,885312,1676954,0.5279286134264863
c3Lx2VdawPgOrFQK7ElZ,460288,996676,0.46182309998434795
C3UeqDSpcyuTg0WsGvZR,564224,3963435,0.14235732388698188
c3VKWJoONyqtu94YeGBP,1885696,2601425,0.7248704075650845
C4VIpEJ5KlvuetjhLdX3,5523456,7537066,0.7328390118913646
c5spxZQXILnKO2ywiNSB,1796608,20161255,0.08911191292407145
c6aJtveQr9l5gsinVXRY,5033472,179262,28.078856645580213
C6pcTZjgKOMtB0iREaSe,1291776,1389385,0.9297466145092973
C6Zatxj5GlUqs2L0HPOn,2331136,12416378,0.18774686144381236
C7zrE8PH5XKtM4n0uYkT,5300736,184949,28.660528037458974
C8gwzSJAW9vquQ1pnLEf,801792,2341488,0.3424284045017527
C9hHuINUVJqk1zo5pTQX,1752064,8667423,0.2021435898536393
C9v4X6YHwZkNh0GmUiTM,8493056,164864,51.515527950310556
CAeHqYZwpdarUOm0D2tG,2063872,22670209,0.09103894895719752
caL7sn2qd4JwxlrpR0BP,5033472,180588,27.87268257027045
cAONsUkT1g9aEwBKXvxo,8151552,17337575,0.47016679091510777
cARj7FrG15WHEQikbmBU,4354988,38622292,0.112758403877222
cATwxq4GrYsZpWg3oOfk,1559040,7083060,0.22010825829514363
cCbg46N90ykYJxqK3tdF,1054208,1619296,0.6510285951425805
cDa5BKpzw9GqnArQfZ1L,5300736,177822,29.809224955292372
CdBnaqstfPMA9NXroOJh,742400,2133040,0.3480478565802798
CDFibvHczSl9akfOEBwo,623616,6489674,0.09609357881459069
Ce6ZVRzOT907NYXBqD4r,4855296,9159070,0.5301079694772505
cEBAiJxOMukDCGoQXvqn,638464,1370297,0.46593110836555873
CEfkRZXa14zAWG9Duqvc,475136,3511946,0.13529137407010244
ceyIk4f0BRUiar5bLJ8l,11329024,204898,55.291042372302314
CfSF2urLkdAX6MbzQiIa,950272,3707170,0.25633353744230775
cGNfA8C9wh1R5grDKQjX,1262080,3814492,0.3308645030583365
Cgq3TizwBXpnk7b8a5Qs,7483392,15137919,0.4943474727272619
chkETq1lKwMJ0SWr6z7m,4098048,39981415,0.10249882351587607
cHnxoFJRgXl4GSMD6bLU,475136,412384,1.1521688523318072
chOj57nWgbIe12SiJUFm,5419520,17491586,0.309835826208098
chVqtrzIORSJkCwu2KfQ,816640,7164649,0.11398185731080476
ci6Su0WdoDLIG5vnJhay,2925056,5279551,0.5540349927484364
CIJ1f70KSNDz8ZyoRFEH,9398784,18543920,0.5068391149228426
cikBKN2eQY8WXfCHvnI7,8493056,170618,49.77819456329344
CJR6XzFHGUfeDMsh8xQk,2331136,11778185,0.197919798339048
CjRMQY0S6LdUWNGaExPJ,5464064,19705165,0.2772909539199494
ckaHuew6QN1dhb07q2V3,489984,3741020,0.13097604396661872
cKFOX08ZxoVbayIReAvg,608768,1144611,0.53185580079171
CKrbqFAcTZ76hV0sz1jR,430592,111778,3.8522070532662958
cL0AkjRPF3NndlTDxe1g,4513792,171594,26.305068941804493
cl0W7xzTAYj9CEXJkS8Z,3741696,9032579,0.4142444810059231
CL7wiUdlhOvgaJesfrmW,4825600,8997018,0.5363554902302073
clCOkQxvBKzwWaPZ5RSH,2984448,5327281,0.5602197443686564
CLJUMfrb1jF4VliXSuTB,1959936,3507936,0.5587148682302072
CM0B6DmviQhWLzTuHRnV,772096,6808823,0.11339639758589701
cM2qiXmpHhuag3r1RUIe,489984,3789723,0.12929282694276073
cmB0E9b6iIOMK8kU3nrg,8507904,179219,47.472109541957046
cMF56QT2zH7t1KpfAy8e,638464,1457817,0.43795894820817705
CMKpr6JYU4Rw50XBDHVO,460288,1032022,0.4460059959962094
cmWUeA4FBR9laODHVhd2,460288,968035,0.47548694003832503
cN908Z6lWsCeQT5U2Kvh,1247232,7410030,0.16831672746264184
cnf03bdvewDVXMWHFT75,14150144,144978048,0.0976019762660896
CNKfaU6TP8kg2mnHh5SD,4513792,144137,31.31598409846188
cNqPy69uQHgF3DOU14G7,8493056,176515,48.11520833923463
CO3Nm5IQgVl02ATRZiWo,4840448,7997452,0.6052487717337972
Cocz51rsXakGETheDUbH,8493056,148752,57.09540712057653
CofyHkdmFVtYO5KWJn46,460288,1022019,0.4503712748980205
cOGaJdDyevIn7XBouj5U,445440,1430914,0.3112975343032495
cOhKH3t2zyUwRFNVQfs6,460288,962555,0.4781939733313941
cOKeokjEfm24N0u3wh19,1083904,2501816,0.43324688945949663
COntTlwPvaG3p4hMSJqI,6844928,14128775,0.48446719549288597
CoRKPEY5OTu7B0NUgAvQ,668160,728616,0.9170262525116111
cPBMG2HuL1CaNgbSE8iw,9562112,19992485,0.47828531570737703
cpdsREmet3FyD1oYZVIn,8493056,181040,46.91259390190013
cPo7FESsJQvVNqmaOiIY,460288,1029496,0.44710032870453115
cqGxW3T4aujrSBlIEzX9,712704,1095009,0.6508658832941099
cquHZ28hReUoI4aJGKin,2345984,11594534,0.20233534180847632
CQwNADZxFXBh9fUlOuao,742400,381331,1.9468650594890005
cqZbg3S1xV7vfUCudmks,4370448,35378803,0.12353295276835681
craPXWx5M90jq1smZoKA,2345984,12417213,0.1889299958050168
CrEMlOGaB6feRx3J20iP,8493056,179676,47.26872815512367
cRsXVg26e15oik7JNjE9,5404672,20441025,0.264403179390466
cRVOyGEn15HNAJClPU0X,7706112,78994728,0.0975522315868978
CRYTnotb5J4qHfviU2DS,683008,4131679,0.16531003497609567
cSEgrupo7tj9hLIb54PX,727552,2368438,0.3071864241326984
CSrozOlLw7i4FR5hbaEn,608768,1222644,0.4979110845021118
CtGcyhMJk3wNe9BU08LY,460288,969698,0.4746714956615359
cTZaQl81E3qRPifYNIhD,623616,1239888,0.5029615578181255
cudBgeQFL8z4prNGIsXH,8493056,180010,47.18102327648464
CUw6LiRTAg0ZVM8X4p3P,4558336,179916,25.33591231463572
Cvi1y2efF0AhORZ75uNK,460288,962208,0.47836642389171574
cwWFfNAeLChbKD9mRd2u,4810752,8903073,0.5403473609617713
cXp7BCts2QybOiNEwHzY,8493056,179586,47.292417003552615
cYIil3ZrukB1pV8Uzo2w,697856,2000481,0.34884410299323015
cyuBTQ0SUwpF3jfPeLiI,6562816,65297657,0.10050614832933438
CZ2gJmqpoi0PuKQnxfHw,3088384,34906106,0.08847689856897815
CZERL3GtjlXBSK2QidO6,2331136,12085933,0.1928801028435289
czJZ9CWIe8B5T1lNXhMf,1484800,6456992,0.22995227499120333
CZvcR8GBrn5JIPdtqz1Y,11329024,224692,50.42023748064017
d0jkP2OD83C4AmzKtE9g,5300736,176930,29.95950941050133
D0NQOcIT94lrkWxzyaP6,623616,1177674,0.5295319417767566
d23SxiTo1GahFwm4tKQz,831488,8001174,0.1039207496299918
d2NmrintQ1WvMlfRGZ4I,905728,8497604,0.1065862800855394
D2TGLaizwXHf3YjNJ1pv,282112,2077786,0.13577529158440763
d2xiVKZe4JTgBQSkOntW,2331136,11649413,0.2001075934040625
D34oHsTMkn7vaOWFQUy8,2093568,5488439,0.38145053630002995
D3jQCuyHtAEkisVxw7Wd,3028992,5392960,0.5616566783362013
D3n6SdQlaemK42C9gfR0,2049024,3957661,0.5177361072613345
d4ABW7XyvPzItZuoQ6MT,5374976,19515494,0.27542095526764526
d5GCPxQuly4m6hEn0gqk,757248,2548004,0.29719262607123065
D5gTOIGAk81460VUqlye,2984448,5393428,0.5533490017851356
d5ki60fcbqeH3SvZzpoB,4632576,4651156,0.9960052941677295
D5mrsLY0P2V1UIXujgES,2865664,20045817,0.14295570991194823
d6D27zlaQs4EWPKkVHvB,460288,1014287,0.45380449517740046
d7czUVqJApx6WEj4ownT,579072,1090434,0.5310472710865582
d7Zghj1V46fQUYuSc0kl,9324544,17603987,0.5296836449606558
DAa96Hpgn1Qfjd2mFCrE,8507904,137683,61.79342402475251
DaL5EU7cJxGbqos4Tukv,4370494,35220712,0.124088746417165
DAr5hm7i84gJzEWTUoeG,8493056,34187337,0.2484269541087684
dAuV8c0hmeirMFaJ3wXx,8493056,180904,46.947861849378675
DB8EFIgyArxWuPN2jXMf,11329024,207379,54.62956229897917
DbAU9EVq0yd2C5cw1ihM,5033472,180576,27.874534821903243
dBGtYCewZ8IpWsUmyNQV,5300736,178286,29.731644660825864
DcgUNdMzXlah1kbxiYtv,2093568,22650682,0.09242847522207058
DClx6p7OIkUwVmNYajhB,861184,8360789,0.10300271900175928
dEabFQq0yznt5eID378R,5300736,182822,28.99397227904738
dEeZWOx1rz8VsJ94BuPg,2034176,5383266,0.37787023713856976
DeHCJiGlVcRg1E7j28hf,4825600,8968025,0.5380894901608771
Demi6hbq8HKwS5PJkjL9,8107008,16921874,0.47908452692650944
DfSa4jlAyFPkXQpTbUoY,593920,160045,3.7109562935424414
DFswkTNWm6lStz1h0Mup,1202688,6992149,0.17200548786932315
dg1AyKiHqjFwVOln4sLa,460288,960528,0.47920310495893925
DGmbwEzu381CyXgAMB2q,11329024,206745,54.79708820044016
dhFnCxfamsLvkubPZyjN,6859776,54487823,0.12589557854054842
dHjMq0s9tDrBS6Fp7TuI,876032,2755987,0.31786506975540885
dhS5TXjYM0yLufrw3xgo,1187840,5853641,0.20292327459097678
dHUq5yM8w0LND9PaepZY,9517568,93180268,0.10214145338152494
Di0ceNElhvZrdMRgbyYX,2479616,28580596,0.08675872259626777
dI89k371NKgURwFqsOBy,623616,1299404,0.479924642374504
DibnkXflY49wcOpo7vyK,2004480,5301517,0.3780955526503075
DJ1XTklKAM6d2YfigaQb,8493056,34285074,0.24771875948116664
dJ326HRzYfn0DZIPhjMv,549376,4935502,0.11131106825607608
dj7GfVSTmo3Hkv46Wiah,683008,4052859,0.16852498446158626
dJVXOqTuk80ZWBleDc2Q,1648128,1919443,0.8586490976809418
dk4HiPSRzsfbBGVMqNac,460288,1082098,0.42536627920946163
dKem7Eif3McSwNx4CXvs,8493056,177505,47.846855018168505
dkKpMxca0OQmUTFq7VyD,5360128,20919774,0.2562230356790661
DKs0lpax9nB8gS3XRuEb,5300736,184894,28.66905361991195
dKt4HhezElT2nBIP6c5F,8493056,272985,31.111804677912705
Dl76jatFczZmsKedJ1TR,8537600,16460573,0.5186696720703465
dlDuzi87p9eAZtUE4w2G,460288,968853,0.47508548768492226
dLKYot9Ix2Bib1DZerGg,5300736,177361,29.88670564554778
dLU5WbCiGERMHjS20spY,742400,2239599,0.331487913684548
dLuN50yiH4k7ztKnZDjS,1054208,2660701,0.39621438109731233
dLUoZ03Xqh5PKMyflOBj,801792,1611699,0.4974824703620217
dlWuKQ8saoCgw0ISYPjB,460288,984587,0.4674934769603905
DlWyNoHdb1jAeGCOsaVU,5300736,183993,28.809443837537298
DmCaN6PGnJpsWuMcKo8t,1618432,7903165,0.2047827674102717
DMtdk84SP10RYjaZEUxz,475136,1409732,0.33703994801848863
dMVkBwLu3SRhqrIy7Nop,1113600,655555,1.6987133039943254
DNBtPALuVrzM0Cd3mwcl,801792,1396054,0.5743273540994832
DnJFtCH7gTMIvWYlAxcN,4810752,8901857,0.5404211727957436
Do9QfaXw52dYzcFipUeq,1098752,1331531,0.8251794363030226
dOc4AD20ltIzKYHCPNFS,5300736,184484,28.73276815333579
DohL5RXbrCuUNZtM28x7,1069056,4920833,0.2172510223370718
dONo5qIgbC4PZ9yW6QSl,965120,1870417,0.5159918884398506
dp4u8GQi5gJTHYl2PsNq,8181248,15154653,0.5398505660274768
DPE5t3oT6Uu9mZIHNlKh,668160,6304955,0.10597379362739306
DpNvYX1qedHLiQnRhF98,4513792,144625,31.210316335350043
dQ5kFDwP4ByqU3tnLTZf,1128448,851882,1.3246529448914286
DQ6WlKRIEGM4BF9se1zg,816640,1821970,0.4482181375104969
dQbqMtOsVYrWDIvh8k2S,623616,1289593,0.4835758258613376
DQJfl0CT3gvt8pbMqHyX,623616,3702264,0.16844179669521137
dqXuSezv3IJWonmGFUAp,311808,2623145,0.11886800005337105
DR3eyfHBIJgK08krA1CT,683008,4216401,0.16198838772687893
Dri7s2veJT4hj0R3aHkf,861184,5193247,0.16582766042131253
DrNO6fVRJLoqYK4Bkdy0,4810752,7855540,0.6124024573740315
dro7GYJlVhXbT4D1SpCE,8196096,17626535,0.4649862267314591
DRskLvzQ13yJfr8McnwC,2925056,32580185,0.08978021456907012
dRYGQSA8TrmIPtabWNeu,623616,1282642,0.48619646011903556
dS6yJEktRlWQsBaIFYCp,8493056,34287664,0.24770004745730126
DSd3HQnFN7iUAxbYBEju,2108416,22925173,0.09196946954337051
DSWecTduKPtZNQoVR8qh,252416,1766259,0.14290995827905195
DT2t5JMrWnp3gmuhLBc8,14164992,144183523,0.09824279297156582
DtHRwmIsBecONYMWh836,5300736,185271,28.610716194115646
dtyLupxMfEQVX10JwvWl,1588736,17564904,0.09044945534572806
du6hbLIPwW2aGYZkNRQV,4513792,136584,33.04773619164763
DuejROmZzVTIyQi1rAF9,935424,4122785,0.22689128829177363
DvdM5Zpx96qKuN3cAt1y,2004480,5340939,0.37530479191018656
Dvs1tiIfjYZJcV0dT2rS,7141888,14663762,0.4870433658156754
dW7PwfxAsy8HLFn3NXtB,638464,1303318,0.48987583997151884
DwOFyEfhlGeMU2q0vbZa,4513792,137629,32.79680881209629
dWR0pTQsxDn2aVoM37CB,8507904,127038,66.97133141264818
dxgJa5tvQFs0WNPhiI1U,608768,1277343,0.47658929512276654
dxIuyOrCZ4qhMFz9S5sX,489984,323805,1.5132070227451706
dYAObu2FDVoXmvTt5UjG,489984,3651653,0.13418142413860243
DYifKtF806I7JjkLHZgP,7631872,16704576,0.4568731346428667
dYkW0lBtXC5saNL1oTmR,5300736,177890,29.797830119736915
dylV8BXRwaktCjHW1o0n,6488576,13213051,0.49107325779640143
DZjhF1wR4cWbKLMsfUQH,2152960,23341033,0.09223927664212633
DZQHOmU7IVc3KWMbzJCE,445440,1422722,0.3130899782248394
dzV4q1iWUT3eIODcFJSx,1722368,1160738,1.4838559606043742
dzValPwcOHZhJISqyp8T,4513792,169493,26.631141109072352
e0ujNRMU2TxqD4rfAXaF,4795904,53580465,0.0895084430491598
e14oxuL6Cb8HO7d3zSqn,11329024,204457,55.41030143257507
E2L74rVJjfs6qKoy50cw,965120,1871411,0.5157178193352503
e3HSBfTA9MXzhEN2qIpL,8493056,179115,47.41677693102197
E4eSC8pqYdrkWfBOtFv5,653312,4445840,0.14694905799578933
e4TZIcugCDM50yiKWjkF,5300736,177432,29.87474638171243
e5j9ZOvH0tJ6TAg4x2WR,668160,6304995,0.1059731213109606
E5SkPYDzxpyMwtXTWZ8a,6399488,13479211,0.4747672545522138
e79Jn3ovuIV8FLKZsEG5,2999296,5345775,0.5610591541918618
e7FhuKwUW8LfMA2bxEDl,2316288,11646772,0.19887810974577333
E7JvkZyTKF6fhWBUrosV,8493056,180121,47.15194785727372
E81Gh6njYcyxT9UtPK0u,4355452,38316862,0.11366932918462895
E8hFMgxcp9DAb1qGwQtB,5300736,184425,28.741960146400977
eagtG7IQYUKLZ3qs9yTE,9027584,16688718,0.5409393339859898
Eazj0IX9b3PmLoA7SHg4,8493056,182188,46.616989044283926
EbBqJ7rOtZ45nIlxhKfc,8493056,34285262,0.24771740113871668
eBDOvM4fUQmy0XEhracH,6251008,64061828,0.09757773381053067
ECc2z9lqBrbSd4Z7uaMW,8493056,34202789,0.248314720767362
ecFS36DyA9qlifz0NCub,4355452,38331344,0.11362638367180655
eCmdPkWwv7HGXZhtDFOT,3489280,18232125,0.1913808730468884
ECYBut7y9fqKpw2g4xed,519680,539184,0.9638268197869373
EdruKXjgh0GO8BMPs4f1,8507904,127936,66.50125062531265
EdT3lQiGHbzmrX2L1NgD,712704,4877851,0.1461102440398446
Ee9al8AhjSKcZzxyRDw3,5300736,176698,29.998845487781413
eFK1IWckUmuM3oCAjON0,5345280,59994369,0.08909636169354494
Eg0QLdf5AyMFwxo1K37H,916864,2161324,0.4242140465751549
EGDX0iWUK8h2jT51sFvA,8507904,125628,67.7229916897507
EgeBpshOLYbwyu0ZdrvX,1336320,2737710,0.48811598014398894
egFM4CjVl8Bz5pbN1Ux0,8493056,147543,57.56325952434206
eGMTAm0csZLI9QbJpCUY,2345984,11508763,0.20384328011620362
egnhwcvsVjWONCU8t2Ju,825738,8764234,0.09421679065164167
eGwk8W6m4NIzsAaHvfx3,282112,2178214,0.1295152817859035
EgymHkwfrqWDp28M7dJe,1603584,3323193,0.4825431444998831
eh7tKw0LaQpW2mgUAOVH,683008,3906716,0.17482919157676166
EhHWtoiAX4kZp3s7wVUc,1633280,7142511,0.2286702813618348
Ei1t7BmK2Yh0db4QNXzL,8493056,34283660,0.24772897642783764
EI4Jgyofj8CHR0ts59Ur,8507904,128541,66.18825121945527
EiD3lRHWhCw4zY9SjXVI,460288,1038403,0.4432652833244896
EIhBgus4WSiDFQney0cp,1143296,6464872,0.17684743023527766
EIhQGg69bACYPNXBSxy5,2865664,20155956,0.14217455128399764
EJexdbnNPfwsgUp4GCQD,8507904,179086,47.50736517650738
ejK1lrfCdNmypPw5suUk,2123264,5071577,0.4186595214861176
EjLnZ7ke8hyYIqxlJXD5,5300736,183878,28.82746168655304
ejsbn3tEcUuJAqhpgiQx,11329024,226842,49.942356353761646
EKeIjqfa10JmzunTXciN,460288,965254,0.4768568687620046
EKmgShQsf6a9vY0znNlU,876032,5214651,0.16799436817535823
eKRtEmTYVj5ZSNWMdcig,801792,4064593,0.19726255494707587
ELuV9FA7IjKXR52NrokU,5300736,178031,29.774230330672747
EMCt7uQlGbS6kvyFiI5Y,4281928,39147076,0.10938053202236611
EMK2iukONroQXYWSv547,712704,3430503,0.2077549560516344
emRjoVUvdDB3xIyhNrC8,5330432,175854,30.311690379519373
EmVYF0ZrIBWCGL5168XH,816640,1368050,0.5969372464456708
eNhamfpF47A0WXjSiTqk,9651200,20537657,0.4699270223472911
ENoPT31Z0auA9MOIVrkv,9072128,90540796,0.10019933997487718
eoAlNd32LZGSPItn6mTM,1989632,5296210,0.3756709042881608
EOeh6tPNzBog5vQRMF0r,2093568,15797114,0.13252851122046724
eoNUwRflCT6zM13r8pdV,8493056,169709,50.044817894160005
eOvS6EBmctN4K3guC15k,608768,3521847,0.17285475490559357
EoVyBA2z0NjdkWlqfMQJ,475136,540145,0.8796452804339575
eoXQqrKilxvJna70cjDH,3444736,8359203,0.4120890472452936
eoZu6jSFvrDBVUIWdHiz,4424704,49207253,0.08991975227716939
epLtlBgqxYo6VuTAwf2n,8493056,176537,48.1092122331296
epR84xcmivMYAn0Nlkzh,4355426,38313277,0.11367928668696232
EpVF6whltPArouQzvC34,1974784,3469523,0.5691802590730772
ePzxjFayC48I0Xb9kuS3,2598400,4099931,0.6337667633918718
eQ4LrW5UzlSIdkHJgbBp,786944,4643256,0.16948107104152776
EQ9XCpb8NMh2ql6Ki4ky,1262080,1092390,1.1553382949312974
eqMtk743YWi6Dpm2Hab1,4840448,9050161,0.5348466176458077
eQVmTuqlHYXLJ6DBCsg5,727552,1399047,0.5200339945691603
ErCJD5UsMNpP3oVQk41z,6503424,66321475,0.09805909775076625
erlwZD3QgycGvFXsMpPd,6072832,68986709,0.08802901440044053
ers73VJzBQHoYxilUdt8,4558336,146559,31.102395622240874
eRVLGHqrwDSMx1p8XKI9,534528,1212398,0.44088492392762113
ErYMOiwT8h3yqvfkm9Pu,252416,1741322,0.14495653302490866
ES1omtPjaYebMi0JvOny,1974784,4907515,0.40239999266431176
esaXkil2E04B7Y1ypNwK,2138112,5042531,0.42401563817852583
Esdc6UTuzrtxhlo4GgPm,8493056,180264,47.11454311454312
ESoHvWkbZ4JgwzlFK6uA,8493056,182518,46.53270362375218
esPBa5nQFc0qIyZ3VMhr,9146368,17908077,0.5107398186862833
et8JFZUipOPKBl3DsEGo,5508608,7495431,0.7349287852826608
EtGBOKD2bpQI3ZwJRPmc,772096,7857577,0.09826133425100383
eTQhnbRXam27Kwqj1MUy,9116672,18027199,0.5057176103730813
EtTS3Gokxb49ghP8daVf,2539008,5878707,0.43189905535349865
euLEGg3lHfAIJz9dvyqa,786944,1428620,0.5508420713695734
EUsYBObJ58dXKutacDx7,8493056,34301745,0.24759836562250695
EV47jvH9kYtBwocrbJ6N,8507904,129193,65.85421810779222
EVb2miqJLBj4kTlfzwvS,4766208,51247884,0.09300302037836333
EvjemDbI86FNan4AQf2P,5300736,182269,29.081939331427726
EWhzrqv2D3kBYb6SKpUl,8493056,34300152,0.24760986481925795
eYCKNDlUQgs6cZOuoP4j,8507904,127693,66.62780262034724
eYgC0UuLPw6qThFzv3DB,1187840,3769815,0.3150923851700946
eYwtJkx9a6dBz7ChZb43,623616,3033385,0.20558419059895133
ez3yDwEmqdTGY5SMv9Z0,4513792,171213,26.363605567334258
EZ7FwiO2p4DCrH6SJYBT,5033472,170648,29.496226149735126
EZGSdcyL3bCHQaFDNo7n,460288,967006,0.47599291007501504
ezHTxiry7cw5dsY6NjSZ,5478912,61612547,0.08892526387522982
EzwfYMsrq7AnU3t5hCDy,5300736,187695,28.241221130024773
f0NLCiRGpDTU3dlZmSEs,890880,8689119,0.10252823099787217
F1BvgrkuXq6zEfUsHAVG,4424704,26785666,0.1651892471144828
F1Gznj82acfQMmHNRLAE,1202688,5263140,0.2285114969390896
F1nhXPej7m8KOUtGTVRk,5300736,177552,29.854555285212218
f1oeHaTRizBkKXEnLGcF,2152960,5425208,0.3968437707826133
f3I8LNGxFnEV6gd9iJSr,460288,958342,0.48029617819108417
f3QCengcsa0o7KlZyX1r,786944,4080492,0.19285517530729138
f4BqH0J1xLkYKI3TEQWm,2537848,26937458,0.09421260164934642
f4jUEqOubyIYo3Fa0PVC,6354944,13294097,0.47802750348519346
F5nJCOIi49ZHxkAY2bBz,1291776,5308740,0.24333005571943625
F5seRNPKIpdXGfZCzVcq,2063872,22619896,0.09124144514192284
f6IgSeW72uCHcVYjOZUx,6651904,75882827,0.08766020274916747
f6OSXzVv5aDQPjGYrEA0,5033472,173215,29.05909996247438
f7FStL5cPTXbQkoZDduC,5300736,176606,30.014472894465648
f7L3tzZJEbS52NTgoX9l,6280704,4485882,1.4001045948154678
F8bN6Gx0wTRZWsHI3XLO,8537600,87395548,0.09768918663911805
F8CeVXzxLhnjo0BHATPZ,3741696,9052874,0.4133158155078708
f8NM0viCIaxQbBG1c7rh,5033472,180215,27.930372055600255
FaKJdlpSU10sgw7jmQhe,786944,4375972,0.1798329605399669
FAVY3yOcIPEk4BdqXgr1,460288,1043527,0.4410887308138649
FBJC0htji5egyV1RPnHS,8507904,275822,30.845632328095657
fbvWPV2U0xQ3TpqohAFy,638464,4129161,0.15462317889760172
fC4O8EsYumjHKJlRyPno,460288,966356,0.47631307716824856
fcId81lTeFim0jMzXo6R,4855296,8988341,0.54017710276012
FCVlU4vTjmHoun5QE9s7,8938496,91655380,0.09752287317994864
fCyAxOnr8lFhsXuNeEkt,8493056,34289189,0.2476890310820708
FDHjobQnCUSs6atXldJL,5300736,184479,28.73354690777812
FdTt7i63rIxeSv1scBn0,9235456,92749460,0.09957422932704946
Fe4yEv8HmfLTBQuigKC6,4825600,9012587,0.535428950644249
fe9snrXGxKw1L28tDpRv,712704,3464084,0.20574096932984304
fejvONdZz12cthT8xKlo,4825600,9007089,0.5357557808077615
fEnNJU3pLTbSOeFxaQ0z,683008,1668842,0.40927061998679326
FfmsbQcv6V3rGdDLBNXM,282112,2166568,0.13021146809147002
FfvCzj8YXUbDsLVARQmG,8493056,178567,47.56229314486999
fGL0FWUZNaCElQ8nIiJ3,7899136,14765856,0.5349595715954429
fGwEMeBFc0JUlpKHONsa,2093568,13593402,0.15401354274669432
FhLibeNQqV4O8acZvtJ7,460288,965295,0.47683661471363675
FHMwlc0VNIkOTe54UEJL,460288,964761,0.4771005461456257
fHWo9xSpPTFNQ4bRYgXE,2331136,12171175,0.1915292484086376
fi4BrAl2QgjNsaubUJSE,1276928,6749348,0.18919279314090784
Fi4uPsNg2TcG95h7JR0d,445440,1471172,0.30277900884464903
FIc3eX7mViuBPKTAlCr0,801792,1092324,0.73402397090973
fipEGw4uPW2cTnos7vrM,965120,844884,1.1423106603983506
fiwJGn6gUtXlk1NZoFAS,460288,970782,0.4741414653341327
fj5YpGb4WZea7RCP9Llm,1484800,2010466,0.7385352450625875
fJNIFnjPxKEvHemRBYsg,757248,3826965,0.19787168160670401
FkThbmQlgnjGPdV3p8vB,8775168,88560642,0.09908654456231246
FKxO8J75rj3Cs1od0yTX,8493056,176948,47.99746818274295
FL235qiOsXfm9WlcCgzd,4443168,34791369,0.12770891539220547
FLBerci0hxEK1fYtUon5,460288,963501,0.47772446525743095
fljGbXsC06zBq8JZEv79,1841152,2651225,0.6944533187488803
FlnjSwYHGacRZVz0J1NP,5300736,176303,30.066056731876373
fMeAgYJFGl8HSPm7uzEI,1395712,7143708,0.19537640676242646
fmMK3AFYZeWEDPk4sLH5,1380864,2325798,0.5937162212711508
fN41R9SVgavu6tQ7lreY,3801088,9071360,0.41902074220403557
FNAVfQgh4a6k3lUY5ZcK,475136,3566418,0.13322498933103186
FNcHdxXPKB9kVMnOzSm2,816640,5588566,0.14612693130939136
fnHDty72dWwjkXgYqUPA,786944,4657416,0.16896579562572894
FNk5ufg4GxHDLUpeOBmo,5597696,62622319,0.08938819400795425
FNMnqPH6hzyY8ZDX7SVj,3964416,39104277,0.10138062391487253
fnuUPBWtXN7bSsMvRDem,445440,1027214,0.4336389496249078
FnXVjLgJDclyUw9h213B,460288,960169,0.4793822754119327
FO8AGC1wIeKXcaH2gnhJ,683008,2011050,0.33962755774346737
foaW2s9e160A5kjJVcKx,8493056,270217,31.430502151974153
FouYPMV2OKXB7fgjIZxU,8493056,269977,31.458442756234792
foWjCIUpHk4tEruJlBGc,5300736,176979,29.95121455087892
FP3ITxh0a4rBOp7lQZ6E,2034176,5350636,0.380174618493951
FpbBkjtGeV93UvlqCT5f,1662976,9492140,0.1751950561201162
fpGiAdaLBWESygDbOq7U,593920,847734,0.7005971212668125
fpiZ6no01V8gydTe4UFw,2345984,11908545,0.197000053323055
FPrCDVSpITEWtUyMuozc,638464,1419743,0.4497039252878866
FPZgaCXimE53GWD6UjJY,5360128,59924694,0.08944773251574718
FQLZtVfKGT83YewqPjiI,5300736,177116,29.928047155536486
FQv3gdPzs1ayVCXuYcWR,460288,968786,0.47511834398928143
FqXM3PGfdhTr0xgj7y4R,1885696,5769747,0.32682472905657733
frcDlXdshQYGCyKa7LjA,8507904,264354,32.18375360312309
FrfWM0OlI5XwyoQBnutV,8493056,180232,47.12290825158684
frgtup5NAaT9qRVDj4hO,564224,4046209,0.13944509539670344
fRGWEv9TLIUOnhj0YV35,579072,1153996,0.5017972332659731
frLD0F7HvGAwkdWKsNYU,8493056,34195219,0.2483696916811675
FRTmvrEKAXNotPaWdqn4,4413554,35165251,0.12550895769235373
FsCzyGSN5qLRDgxh81if,5300736,177600,29.846486486486487
FSqi0ZaPveb5jMxtBcfs,816640,7933666,0.10293349883899826
fsSkgPTQNj8LKbvAZMtG,11329024,173211,65.40591532870314
fT4RC3LwYxDib5K1EOX6,772096,7368037,0.10478991894313235
ftHnLEAd5NPxpiybvqaY,549376,833296,0.6592807357769628
fTQ1XmiFekwZsISxNzlR,8493056,34285772,0.24771371634857747
fTWrspAEHwnNFdCh57oV,757248,169461,4.4685679890948355
fU4l7Lc8jnyxRewu1okV,608768,1273002,0.4782144882726029
furjbFsqkwKzaNxB3RDL,772096,8993736,0.0858481947880169
fuso63yW7wAXO20gJIBS,1321472,5582498,0.2367169679236786
Fv4oIUutzNCha6rXHxGD,727552,1815275,0.40079436999903595
fvbowPJXxAKQsVt7MiRL,3058688,34679265,0.0881993317909131
FvEJe7LOjwDranG2tcf9,5434368,61116720,0.08891786077525103
FVmO980BKzIHYiGUscDx,460288,583967,0.7882089227644713
fvpU1xlo92RqnLyJkDAS,445440,499186,0.8923327176643576
Fw3QCzKGsD9e86pgLiIm,2093568,22917759,0.09135134024229856
FWLJQbmnM2URyBv4P38O,445440,1468629,0.3033032849004071
fy0va8HcFThxnBX5UMbE,1618432,9647839,0.16775072635436805
fYECMU3kwa4u1rgtNPod,460288,962563,0.47818999899227377
FyIcXN7Z6SQojdgntUD9,8507904,179081,47.50869159765693
FZhGnySKIx4prT8YmNWR,638464,1311283,0.4869002343506322
FzXcL7Rxhj3mT9tlCp4k,430592,399739,1.0771828618173358
g0lpdR9EGwDQCK5f4LhJ,2063872,22474513,0.09183166727572695
g2pvrdbPVLKz408xBXef,965120,3495509,0.27610285082945
g2xuLl8TswtIEb7SqfXD,2999296,11577674,0.2590585984715065
G37jI5Fu8YEJVgWhiKCQ,683008,2398782,0.2847311677342918
g4EyujTPMQHLfVIRlDWS,890880,5627388,0.1583114581756225
G54U96frYb2CLIOSpMyX,326047,3605847,0.09042175111700525
G68a2QiCMsvf9JUWdlND,5300736,176178,30.087388890780915
g6YuB4D2RCwjUHmW31GZ,979968,9113670,0.10752726398915037
g6ZYW8n9iJToNFMS7QAy,653312,1368070,0.47754281579158964
g7qEpdzW3mhFL1Tf0kHV,445440,1418910,0.3139311161384443
g7SQeJHR0IGrqBzfumlC,252416,2100488,0.1201701699795476
G8ukS97hQUnO13ZIXoLM,460288,1089167,0.4226055324849174
g92uBMP7wqGFvszXjQot,8507904,277519,30.657014474684615
g937V6FUYlT0PybHMEin,489984,3732597,0.13127160526571713
G9ItnR8HegBwlxEjDy6m,4513792,176482,25.57650071962013
G9jfR1PvIhwMx2Wts43b,608768,3525820,0.17265997696989638
g9MVAiYzLpkEl81buc4W,4810752,8635467,0.5570922800121869
G9MXfcb4iVKa3BeN1SLg,11329024,170809,66.32568541470297
gadc4pf8XmvzYSNTyOMF,1440256,1212672,1.1876715220603757
GApUZMLD5BgbES0zrcYn,564224,4813268,0.11722264374225579
gaYrbUuHQn9w5q1OdMcm,1172992,1496046,0.7840614526558676
GbcXlTxkFwUSD0La8Ahs,816640,1822219,0.44815689003352505
Gbf4Z8pqFsrxyKVQOcWg,10556928,108392140,0.09739569677284718
Gbs4cQpR5JWdFhBIVKHl,282112,2173511,0.12979552438427963
gBX47iCvYrZVDqpHeAab,9651200,16840476,0.5730954398201096
gC2GsRX3ewpQyvjO0Hb4,683008,4117233,0.1658900528583153
gcbsVSeyXY0MGzT1C9v7,2108416,23169523,0.09099954280457133
gCJk0uacmvlBAosn74b6,8507904,183811,46.28615262416286
GCoiXh8BY0Nl4jO1P9zL,8507904,245249,34.69088151225897
gCSrhptYyd6vfQAZXcwE,5330432,186201,28.627300605259908
gDYeNAplMujwPtU0qnJW,623616,1314019,0.47458674494052216
Ge7L4p2hWV3zuMDRmOyQ,460288,971288,0.4738944576685803
GeB24sD0kRKbZFrSdpNw,2331136,11744917,0.19848041497440977
gelhQLoiRE0HZTOI2fYv,5300736,182985,28.968144929912288
GepfoxXH5VWKnhZzYl6U,2212352,5180277,0.4270721430533541
GewamPurl6D0Fs3zvbon,683008,4138216,0.16504890029906608
geWrd0Rkc2AsuVBJESwi,2034176,5256368,0.38699269153149096
geY51xavJjMGPbC9Hikt,5330432,176503,30.200234556919714
gEZCMz90lrmI8cx37FNT,1366016,15479214,0.08824840847862171
GFblksovaPYLI5XeC8RU,4825600,7906367,0.6103435370505822
gfJpq3sVhzbLdNjWC16Z,8493056,166818,50.91210780611205
gfrQ2UK3LFvRCMEop0Yq,3489280,6234795,0.559646307536976
GFVUryQSjKEPM5pqs9h2,668160,707526,0.944361055282774
GgmARFo3WxUZ0KzuCM15,5389824,60214276,0.0895107333018502
gHPbaK69RwpGA7nFtuvU,2405376,1184505,2.030701432243849
ghTfdVis0eRN3S1DEJFX,5300736,176857,29.97187558309821
gHUeRsYtFl4BaX7So8W0,8567296,86074972,0.0995329513438587
gihQaFE1TSuWw3BCcAt8,1247232,4011122,0.3109434218156416
gIONM8E513LYstAjyzWl,2331136,11761331,0.19820341762339655
gitPaXxIMeKOZRTW2k34,1588736,4047213,0.392550626814057
giVwn8ERCZrvfSIGFmaK,2108416,5461386,0.3860587770210712
gIzJEByY4vpkSQcZPH2C,8507904,127844,66.54910672381966
gJspjOHk7zXSGMB2Y5Tm,623616,1363605,0.457328918565127
GK590Jem3FA1kspq7PoO,593920,821052,0.7233646589984556
GkfbZrRKmgFxq0Bypazh,460288,981731,0.4688534843047637
gKvtaoZ7Lkl1V6yxq3Fc,8107008,82762267,0.09795536412747127
GlBR2jy6Nx1HUEag5ISm,905728,8392876,0.10791628519234646
GLcwfP1Z08pVWrg7uoy5,2464768,1331966,1.850473660739088
GlduQtUf3I1hAWYwyFLs,460288,1109340,0.41492058340995547
GLrQbRUluV0qzahkDEms,801792,4314738,0.1858263468141055
GltvVHPJ9eLNj48a5CBR,460288,966213,0.4763835717383227
GlUnrYxyOb5XQhFcf4Su,460288,1046562,0.43980958605414683
GmEAFpP5ZO0suwaNIeqx,2969600,16744868,0.17734388828863865
gmFxGQlWUviPhKyAkoeI,564224,3807772,0.14817693916547525
GN8ZQjzWfKBYUtH1ehM0,5449216,16763573,0.32506292065539966
gnKi3qo6WbBSzQs2fRGt,683008,4056579,0.16837044218786323
gNOcktmwv3FMZ4TH02EJ,727552,5673057,0.12824690462302776
gNQ3UDOX98dJqLmxvuSc,1143296,1337234,0.8549707829744083
GNx5o9mIsTV3SUkeJFgP,5300736,176738,29.992056037750796
gO0h7udtqs4yaXNQAUPM,5627392,19106440,0.2945285463958749
GOCxdg4XrQYsZvKf2eNP,1559040,1544365,1.0095022873478743
GOEKlWF9DoZ7Y13rJ8ia,831488,8128275,0.10229575155860253
GOPRE6b1ypHhFWoAVgKC,4365312,30678784,0.14229090696684718
GP9MBktKncadV1gF7N25,638464,4133954,0.15444390527809454
GPAypQZ0LH7rD1safnMI,5419520,60556947,0.08949460414508677
GpdqLhNUiH9tZn5zxTEg,5300736,185437,28.585104375070777
gq9cv7lPXyzBDsY8SfVe,2435072,11694431,0.20822492346998328
gQmxCDohy6pJUcSXrFPW,593920,1502147,0.3953807450269514
GQPk9p1ZEICdOTcxlH5W,3355648,2626376,1.2776723515597157
gquE91nRUy3XjiOdBfhW,460288,1079429,0.4264180413904018
gRBocU81iGy75lemTdsa,653312,4420665,0.1477859100384218
grOUwuRlHBySvhJF0nLP,8493056,180499,47.053202510817236
gsHjJZv1AGPzeofaBqVY,11329024,225779,50.17749214940273
GsMCWkKc5LE3PxYhUFnt,727552,7379997,0.09858432191774603
gsY6e1zD4FdKItQvWqul,489984,730560,0.6706964520367937
gtfUJnxsp1hbBlmeSiL9,5330432,183350,29.072440687210253
gtiofz9cBwuYCHjyJTdK,2464768,17753653,0.13883159708033047
GTXj5Lg2ZF4tJAsPBCYc,2345984,11619170,0.2019063323800237
gUSm1WN6PBYQabnrLs7h,5241344,186724,28.0700070692573
guSymr1IhTE4kFXAJGUj,8493056,166553,50.993113303272835
GuX78SzhflmoDd6CTHyP,876032,1725131,0.5078060738575795
GV7WShk4vjpiKqbEBgsr,638464,4215835,0.1514442571874848
GWOV07nzb1Lasfh3wYep,460288,970742,0.4741610026144949
GWUj9COuPeVEqM7TmlKs,8493056,34288427,0.24769453553526968
GwusdVTRkYeZOaAgcpHm,460288,1080340,0.4260584630764389
GxcE1XCeU35zwFIy0ALN,11329024,209144,54.1685345981716
GXFP0dYvns5NoQtIBECf,1024512,1904173,0.5380351470165788
GxK7nfY1mOrBNDepqWj6,579072,3828450,0.15125494651882615
gybTWSU3EjBGpCVI1JA4,757248,1471269,0.5146903795295082
Gycu1WC5mE6BzMl2ArD7,489984,739427,0.6626536493798576
GZJ3hp4v8AzVB6imf1Il,2167808,23423223,0.092549518057357
GzjL73seI0uAmZVyYtnw,9265152,19419907,0.47709559062255036
H0evJ1QxsltOCmkDaTGr,549376,4857848,0.11309040546348918
H0MWhBng75iZPVOTNdas,2880512,32073345,0.08981015232430543
h0RSAT7iEZH4lOQv3NtW,638464,1412195,0.45210753472431214
h0VaLmr69gdOiyRwStZQ,8493056,179584,47.29294369208838
h13m9RvHr5FdnYkiS2yL,8493056,171876,49.41385650119854
h1A0cfYFC7vrnDRxNXHa,1187840,2510863,0.47308037117118695
h1gS8bA0I3xJoX5zVZ7U,11329024,227481,49.8020669858142
H1yNEYo4ZLxmKklg2Mnz,801792,7601859,0.10547314808127854
H4lKrjuZUTVAsgiz7kFS,1930240,21102542,0.0914695490239991
h58VsWF3CjNwgxZenm7l,608768,1265977,0.4808681358350112
H5QR3qYhCvUI6px1oaEV,890880,1092732,0.8152776710117394
h5ZBNR8Ag9YMIdk0Plt4,1069056,537538,1.988800791757978
H6lnwc5Ixk3o8O7iXtJK,252416,1668236,0.15130712920713857
h6O5H92YWwJ7r1pRELge,1989632,5297580,0.37557375254361425
H75RL96JxmMEfBvbe2jk,965120,8947292,0.10786727425460128
H7CpUha5E4m9YzjxD0Z1,5746176,65826687,0.08729249886144201
H7tCOwf5rzSluXiGsx8W,6354944,13113829,0.48459866298393856
H7Z6WfoCrxzSjMVd04Dy,994816,6223031,0.15986036386448982
h8VyAJq3RfgoQIciCT9u,6844928,79133833,0.08649812274352994
h8wnNSFs62cI7axUq0iK,8403968,16863705,0.4983464784280797
H9tYbAiz7dZ0WsM6PEm1,5300736,179003,29.61255397954224
haMeQO6Y4A93ipELGwXF,2331136,11761086,0.19820754647997643
haOqi2LncMP9VATIrBFZ,460288,977450,0.47090695176223846
HaTioeY3kbvJW2LXtOwF,112628,1339318,0.08409354611824825
HatR5OEDxJYmzrQqCjAl,8493056,182134,46.63081028253923
HaviCoRtOlz4spd1Qx36,8493056,170055,49.94299491341037
HaxgVnrql4bk7FEot9Sm,4573184,28469127,0.1606366082107119
Hbpnmseqw4hRxokOElPU,8493056,34296427,0.24763675819641504
hbT9ltVRQjau5nNFYpHM,11492352,118476427,0.09700116969260053
hC4p1vnRPZlyMtsFVrqe,460288,1042214,0.44164442235471796
HCbgVZFI580OxptuS7sm,6963712,68735641,0.10131151610268681
hCozU2T0mep6nNkABStf,5523456,62410331,0.08850227056158379
hcug1H8Rw6ZJ2sOITmnG,623616,1167807,0.5340060472321196
hd13cetC4NLr7TpAYxui,282112,2209621,0.12767438397806682
Hd2RSo5Vklez7KAWpaF1,4840448,9013382,0.5370290530236043
hDkmuNtMpaExYj2VFd36,1098752,1942376,0.565674205200229
hdm2IYJXvzDOotwQuRc5,8507904,135083,62.98278835974919
hdmGkzIWx89uo1T6PCXY,8493056,162281,52.335492140176605
HeJ3ZCW4yLRrdktsnKo1,638464,3631400,0.175817591011731
HeSRou1ZPv5rNK2Wnzmx,4513792,179331,25.170171359106902
Hf2WOklmDrv5G6cEba7h,5478912,7244516,0.756284063697285
Hfo6yVm1zvZaYlTeG59b,846336,7959147,0.10633501303594468
HfX6SvZPi5ImYgh2RkBW,1469952,6771991,0.2170634898953646
hgjwNAdHsBlEU3QZLbWC,4810752,8896563,0.5407427565004598
hHnpTaPYU4StmeC6yNxr,683008,4159541,0.16420273294577453
hIkK1vBdj9fDJPcUWzA8,920576,8830635,0.10424799575568461
hjdkwfeHXnWoUsJPY2y3,460288,1009779,0.45583043418411356
HjgSxn8pJ2ITBsmohaLr,11329024,230843,49.076749132527304
HjhNmc60tkrMRQZ7Po98,1618432,9492150,0.17050215177804817
HJt1Mc578nYFBDdKNkVu,445440,1470834,0.3028485879439828
hK7qMc3ZHmF5e4bLfCOj,994816,3511530,0.2832998721355079
Hks26SvPR94LVbTMGIDW,8493056,34291857,0.2476697601999215
hlmIHcydkXi31VfWpTG7,564224,3497901,0.16130359321204346
HLqwFIxJdXODg4pQm5Wu,950272,626776,1.5161269735918415
HlukEnBqpOFY4yLPUtDe,8507904,122743,69.31477966156929
Hlx3YEyNSbCWaBVroRiK,445440,1496881,0.29757876544628464
hnGHbT23JFgl9ORqPKuk,2331136,12468885,0.18695625150123688
hNKoiFSWrHegX5pnvfRA,5300736,178166,29.7516697910937
Hos7LWmZR926VO5Kcgpd,1945088,17217654,0.11297055917141789
Hostb5jC4vASg0GupIZl,6666752,75746573,0.08801390922332553
hOtXLq9on7svPe4NTpAd,8493056,274582,30.93085489944716
HOxsvV5gKWhCm9FqDb1r,460288,1089105,0.4226295903517108
hP6lGov9R0eVci5QyuYS,757248,2544132,0.2976449335176005
HPgEAKLnivQmBkXh6jFc,798080,1346035,0.5929117742109232
HpMdj30s7EDPkiFLWvYy,876032,5202572,0.16838440678956484
HqX48iTlfj6goR3JFWwG,445440,1546959,0.28794557580388364
HQZY7q3BvjlrANFkcxT8,5300736,177602,29.8461503811894
HSAm6wFQNzyb4GvscWoY,1098752,4856753,0.22623180548815228
hsbekymnY8oqAfL3Pr0O,742400,1471366,0.5045651455858026
hSNv2TgwqX0Ip3HnVFEj,5464064,7143095,0.7649434873818702
hSuPy5UBrG3FDZsKd1O2,8507904,245458,34.661343284798214
hSzLbFyUMc7Z2NCAd4EV,2345984,7360967,0.31870595262823487
HT1oyBYIg87K2kPuaqEZ,1514496,4495219,0.3369126176055049
hTOJKwgGvBxb3dS8e9cn,8507904,127946,66.49605302236881
hTvkHcPfw8pLuUA2S53z,4513792,143399,31.47715116562877
Htw4uoGKsN37Dne5ivEP,8507904,127254,66.85765476920176
HUODeWwRlv1aJKVT3Gni,2331136,11733147,0.19867951880258553
hUWD9x6XdNuJrMSg8pqa,6087680,60811263,0.10010777115416926
HVlorUn2MsXN6BdZghv4,2078720,22774507,0.09127398454772259
hvrK1mqLoOAniPVSXbQg,3697152,3265919,1.132040323106605
HWhSIz2mFVokMc4E7CaQ,5464064,7245290,0.7541539400079224
hxJ5t2iHX7auyMUEQ1Tg,8493056,177042,47.971984048982726
HXoz2NOQtTgJ04RsL5ME,4305920,15928201,0.27033310290346035
HyITQWvZXan3zBoDpCA0,8493056,34289965,0.24768342574861188
hYlgvVbMI89qP1jruyxQ,460288,1005122,0.4579424189302393
HYXoC7FRisqWgwP0EjLK,712704,6616417,0.10771751538634884
HyYjp7w1oiVRl2zaWcsS,890880,2810361,0.3169984211992694
hZ9FgpT4IDNx2mEi61r7,4513792,145300,31.06532690984171
hZfoeEcsTJRnNLlF5wG0,7958528,15841116,0.5023969270851877
hzH5vLburkG8simTIaeq,757248,2545510,0.29748380481710934
hzrQCyf6qP72XZjATuBw,801792,4046546,0.19814231692905504
I0aTJkCwgMY8P6h9vWSt,5449216,60900783,0.08947694482023326
i0JrWpyNfu5vV9tzahSY,2316288,11640480,0.19898560884087255
I1eauWn7x5lPLR2rQoF8,608768,1276157,0.47703221468831813
i1OyRUG9mCvIZYD6olNT,2331136,11653421,0.20003876973122314
i2LJZ9r8EQXCk04I1GUe,5300736,177567,29.85203331700147
I2QaRs1y4TmZVLwWCPv7,742400,5563377,0.13344412934805605
I3zcG1EdgynLPstV7bHQ,8507904,127366,66.79886311888573
i4f81CyIkZtEprWaOVRS,1262080,737281,1.7118032337738258
I4nGjE570138M6hqXbmA,5271040,188538,27.9574409402879
I5nFDOpfAxyK3CStBieU,608768,6611259,0.09208049480439354
i6GulvUznIrgyAjRE4YW,5033472,179208,28.08731753046739
I6pNbzORLrq8uG0cCJPi,5033472,186347,27.011285397672086
i7pqWygtZDQLmHX9h3lx,1440256,3901104,0.3691919005491779
i89kvPU0R3EXQ1lZhyxY,5568000,7593837,0.7332261674829207
i8gKknCGoFD5tzvVhEfS,5300736,185011,28.650923458605163
i94Kjy8WADbQIuNOktdR,1083904,6122317,0.17704146975728308
iabhfQKo2XPgrGpdZStD,2331136,11800073,0.19755267615717292
iaHNVLkKABMznmxDWFZ5,564224,3841969,0.14685803034850098
Ib5eiMc7tNOUylwFBLvx,950272,605497,1.5694082712218227
ibDT9XVyqJNrcztvEHgF,5300736,184913,28.66610784531104
iBIGzWL1AFKxqUrjo0Sg,8493056,170762,49.73621765966667
iBNlQ3bYzKr7R6DCXp2F,757248,576940,1.312524699275488
iBz3MaqYb0PplxDhgTCN,653312,4336435,0.1506564724249297
iCN4jl26qfaQxTAe5Jzh,5300736,184506,28.729342135215116
iDHxeowbV73huM1G9OLj,8493056,177330,47.8940731968646
Iec1UF56lu9M0zmbhGky,564224,132707,4.25165213590843
iEDwlh1scqnJ4aeRTbQ7,7572480,86689061,0.08735219775883833
IehXbMUBZRNgHu3pvAm0,8493056,34285748,0.24771388974800843
ieI35JrWTM0KhHE1glbG,2449920,28299464,0.08657125096079558
iEQqVxmbcTeIASF5fBjK,1662976,8559950,0.19427403197448584
IEydq4pSaBUO8v5CK2Mo,5330432,177356,30.05498545298721
ieywoN1csjbd48IgVlqM,2925056,15067862,0.19412548376139893
iFG7jwNOmPvgckQVdf0p,623616,1191016,0.523600018807472
IFRGbmc7WwDiHNtvC1pU,5478912,61299039,0.08938006352758646
IFs5zKLkOMqNtubS69XB,11329024,171442,66.08079700423467
IftFXWmh7B5Alnxy4DbJ,8493056,179531,47.30690521414129
Ig9ZEaGmMrT1lHJhRPQx,2019328,3394478,0.5948861651187606
IgAUSCnimJ8erwFljDP4,2078720,5450042,0.38141357442749985
igyFEdlJtGwk8uT2rnNV,2316288,11641446,0.19896909713793287
IH0aSRoevUGE3k9FDhJA,683008,3916093,0.1744105668583458
ihbKdvnE3kJf0oTz8s9q,697856,1349176,0.5172460820530457
IhL9pebrmGl71FXCkyQo,8493056,34287302,0.24770266263586443
ihT109rSABLfdRNxvMGW,683008,3921698,0.17416129441889713
iIMmk8tNvLweAr2dfn9F,8730624,18835267,0.4635253644134697
ijsaQxUhdyZ0ReqYklbG,2078720,22795703,0.09118911577326656
ijsudn60LwGlgaIJYV5S,623616,1282474,0.486260150303242
iK9ovZhBJCDH0T34dtI5,8493056,18462631,0.46001331012898433
iKQcpTlzFkgrb7RJyjDs,2345984,11726317,0.20006145151968857
iLBzkjmPncOKs7f4FDv3,5300736,177662,29.83607074107012
ILTHy6snFQiapuxbXS7R,413273,4528009,0.09127035745732838
IlXfyiMdJ3wSO4LNbKCA,7141888,13115856,0.5445232091599663
IMDytugVJLdx1jbRkCwH,8493056,164491,51.63234462675769
IMHkwmYq9OQJ7iVzByE5,5300736,177851,29.804364327442634
imqELVF2Hf3ZG1tgBAov,712704,2250832,0.3166402468065142
iOj4fAeuRb92FNIzQoDt,5300736,177643,29.839261890420676
iP7SnkW0I6OzuVJq9erE,1677824,4416604,0.37989006938362596
IphOGU7e9aVLo1s8XkC2,8507904,129306,65.79666836805717
IPpdskJlaGev2MYSXnC0,1098752,4070903,0.26990375354067636
iPqeOav3fHD2VJrt9GoE,905728,8411270,0.10768029084787434
iQjwfWnkXCbetmS3sg01,2093568,22742412,0.09205567113989492
IQzsyO5M0t2PSqCuT3h8,5582848,6909382,0.8080097467472489
IR9gtO0weU7DWVqhJryu,8493056,179386,47.34514399116988
ira26FLCvbOlw4jy1mB0,8493056,34288225,0.24769599476205023
IrkaJzo10g5Vl82vHLf4,3043840,5465785,0.5568898154610912
iRolW7mEntScOG1kw6bF,460288,965945,0.47651574365000077
IRvabWSMkDe8pxXVLOrh,4840448,9023159,0.536447157808036
IS5gEHZFc0xpPj86N72D,786944,4147902,0.1897209721926892
iSDOzmncxkoV39KgPQLy,8493056,34284579,0.24772233603918542
ISEbDYCrtqnGOPg3Qdzh,1113600,6459867,0.17238745008217662
istyYHpm3WofMQLX0KBq,4370764,38522848,0.11345900490015691
IT8nb7MvO5QZptGjNasH,222720,1038396,0.21448464747552956
IThBzvVbMReu248oK3UJ,2078720,22749367,0.0913748501222034
itKaznkWYBjsPd2obgJq,7052800,15503837,0.45490674340809956
ITPGq9AXn4EZKmYeFpuB,8418816,17845644,0.4717574776231107
ITuyGmaJlwE1Yfd6UZLO,757248,1471776,0.5145130780770987
iu1ljDsWoZzIU8GOdNmA,11329024,172183,65.79641428015542
IuDWhwfPcYTK3LBovO5d,772096,4144758,0.18628252843712467
IUSuf2hBaRG8yrNJqDHz,861184,5187383,0.16601511783494682
IUXGYzWQ9pNLqDgukfSd,564224,1368078,0.41242092921602425
IVk2Scu69wdmQ7tEO8rY,653312,4074209,0.16035308939723023
iVR4woCP02d89KLaXTm3,608768,1286665,0.4731363641662748
ivrudVW0BGmSOlbqH6MY,5300736,188603,28.105258134812278
IweQoKz4HxGc8mAETNpM,460288,966262,0.4763594139063732
iWScf1VBXaT78d5qDJFY,2197504,11207825,0.1960687287676244
IWwBaxyoTQbklN6CDG3h,846336,7804417,0.1084432059435061
ixEDUaglAT6ZwM0FGCSu,608768,1081192,0.56305263080008
IxEuUnjarmv24lT8pofQ,8493056,34277396,0.2477742474953465
IxVpXTyfqWoj8ri7sMSc,2331136,12322277,0.18918061978317807
IYACa9WBVQESgJTDtfXh,1989632,5283087,0.3766040574383878
IYFTBN6LCn7SEQgbPOaU,8507904,262719,32.3840453107693
Iyjk3mOQfLnRTSqzdCJ1,4513792,170931,26.40709994091183
IyjtB6DFWvnTYw1E934Q,5033472,171833,29.292813371121962
iYM4CwymksIGXDHt7uAT,2880512,32482962,0.08867762736661762
iympuaSrqvjfogKZcB7M,742400,3630515,0.20448889482621613
iz2uT5qrtRNcM3IJjAhb,727552,1856660,0.3918606530005494
IZeQVP4mMEwxvrzfUd6R,1262080,2156521,0.5852389102633362
izRtJ6ELUuCPWAxB9ZOs,460288,967842,0.4755817581795376
izS2yBV3Z4nKch5OmAuo,534528,4884663,0.10942986240811291
IZWuOMidGxg1HYNP9fJr,579072,6304955,0.09184395447707398
j04fOHCJNI2TkB3lPVyv,5300736,183534,28.8814933472817
J0fY3O5lUmuNqVPBDRKn,757248,3977246,0.1903950623119616
J1LCS4Foa2jbAOYGWQhz,4825600,8847903,0.5453947675511361
j1lGIRFzMHXnVPZ8DQBg,564224,3467383,0.16272329881065922
J1OuMlSZboYIRXC03jQD,1677824,4513741,0.37171472621047597
j1wqtQ9vlpxD5LMr34aG,4370068,35252304,0.12396545769036826
j2gBF09pxTcfIPy4kwJH,697856,4088767,0.17067639217397323
j2IBarGQysHh3Cfz6M8i,1870848,9411671,0.1987795790991844
j2pzLZUsYTlKG7bVf9Fk,564224,3390477,0.1664143422887104
j34R672scXmhMi5zrGkF,8507904,136517,62.32120541764029
j3MZQWRstbSx5CG9mpTn,2331136,11575562,0.2013842610838247
j3tdbX6HDPxA7ZkBUpvG,876032,4614060,0.1898614235618956
j3thgSImoFBZAPsrpaqT,412229,4519017,0.09122094473200698
J51yVcCbx9LDM6ZlS4Ud,4370532,38688853,0.11296618175783087
j6gIME8eK4T1mn9PFqhb,3949568,38659465,0.10216302786393966
j6msrVaoBEJ8cWxgZeAH,9205760,18519596,0.4970821177740594
J8BlM3NXxq4LzIsrGVPD,1455104,2034178,0.7153277638436755
J8EvIQbVSYOXxKC4wgd5,1039360,1291896,0.8045229646968487
J8pdGbHyWis9ToawOIMA,876032,5116019,0.1712331404554987
J9fHxpesDYtIoUc8uZy2,5033472,179574,28.030071168431956
J9mdlXyFaQjNMtWk21uE,1752064,4909352,0.3568829450404045
J9vHglnKXhiYD4716GWy,1559040,4210504,0.370273962452001
jAcaJU6eHy14LPGbnDmT,1722368,1229055,1.4013758538063796
JaQjr806qALIHS2MDZyf,5256192,59311565,0.08862001870967323
JaxoikOjnRvIHFAzBMUD,786944,7565021,0.10402403377333652
JBEzM0ZsuWaDt8bLypPv,2345984,3297094,0.711530820777327
JBhPuigxYtENMs4yToa1,7958528,17381350,0.45787743759834537
JbpXH0NYnFwIrzd2fAoW,7127040,16205280,0.43979739936613255
jBRENK34v8VzuSOUQIFJ,1959936,5277050,0.37140750987767784
jBuKaDNdCeyWLkElmpSo,11329024,204871,55.29832919251626
jBXul1FAgEcKxO9ZYCDU,2345984,11686278,0.20074689306552523
JbzyqeI9ThRA4LWQN823,489984,3471386,0.14114938528875787
jcH6s8DNVoleU3d9tiZL,712704,1823891,0.39076019345454305
jCrTVsM6f9SOmRP8p14i,5300736,186192,28.469193091002836
jDJ2lpYeC6OLvPqWGIsa,4558336,171139,26.635284768521494
jdqclF2YAsm4LJwZUxPN,8493056,180571,47.03444074629924
je4HWtx9M5ySpPBO0wgf,2331136,12370757,0.1884392361760885
Je7HmzKCW1ocBG3VdOvl,2078720,5425305,0.38315265224720085
jERVLnaTwhHFrZbvNfCy,257769,2878459,0.08955104102577108
JEULek2arB86vPXS0lDW,549376,1045091,0.5256728839880929
jf1ACezG8V546aklihHu,8493056,162578,52.23988485526947
jF8Qxdo3MyVEc9l6O2B1,4721664,52381452,0.09013999841012425
JflvaIrSi4x0wkjZVN59,2063872,5379746,0.38363744310604997
jfn98b4a1ErPWx3thgCN,5300736,177686,29.832040791058382
jfoOKUzAhdHWvuLeJxCN,2152960,23140944,0.09303682684682181
JgoL72E0WlXhmFHD5cxp,5285888,59929205,0.0882022045845594
JGpFMd5bZlkQ18fxNcwn,861184,8145861,0.10572043888301065
JgtDMQ8WuhPiFxBnalL5,460288,1044169,0.4408175304955424
jHEwUGnCVyvB8oguAseJ,890880,1706944,0.521915188781823
JhSGQb9mvEYIXVd0z8U2,2167808,24865157,0.08718255830839917
JhufrNciMQKETOUGZ8Ls,5300736,176851,29.972892434874556
jIu3J4ovLPUOA6ngmyfw,5300736,184161,28.783162558847966
JIZ5Dg8xYLrfBPUeclHs,846336,8169609,0.10359565555707746
JkoiGmLfBj4FtErK1VOH,4443760,35346484,0.12572000089174357
jldp5PK6gw1O9t0o7svm,178176,447050,0.39855944525220893
jlOU12YZu5dLceTICW6K,2850816,31847221,0.08951537718157575
jLtKBPl5Xk6peO9DWucy,564224,3438931,0.1640695902302198
jM2ezG5TVpPDmlEBZN7b,1514496,4060618,0.3729717988739645
jmPeQlFEcqyRuVwrJTvp,5300736,183353,28.9100041995495
jmvJqEQ1VNh3ukH6cIRK,623616,3496888,0.17833456490456656
JNGf3qzH2oLvBXDSM6Fp,549376,4934937,0.11132381223914307
JO58MAdl0WiuFk9zhspH,831488,4271000,0.1946822758136268
jOPwcHh7kyFaB4Yv8SMU,4810752,8908913,0.5399931506795498
jOTtmr8uJvclSIBf1xHo,5464064,20370900,0.26822889513963544
jpdhY15v8mkeftGiF4VA,4370300,35579514,0.12283191951413389
jPwdh0NtUaR9T4MIWcuE,4513792,178863,25.236029810525373
JPz2sCNRcjVUDrwLh8S3,11893248,120359534,0.09881434070690237
jpzob9ECS6aLQDiYWTkV,8507904,127319,66.82352201949435
JQ7wRLlnb6WqEkd28mgF,534528,2020446,0.26455940916015575
JQHf0c52agNmervIpCkT,4810752,8895899,0.5407831181536571
JqMnmvEYlKVfw90W6btB,564224,977463,0.5772331024294526
jQqeMNUahpkbZI18c49o,2286592,3873104,0.5903771238779025
JrFfspKABcSqx2zmTnCg,935424,1244105,0.7518850900848401
jrg4n6P8cIGoSBXyWAtp,697856,4894493,0.14257983411152084
JrsqMWaubVkZ3vj9himO,460288,1023472,0.4497318930073319
js068WDIg1hXYHKPriod,5300736,184372,28.750222376499686
jSbcLy3rlkYhEd927p0P,8493056,149976,56.629434042780176
jSMI8XxFJhHAWa15GozR,460288,1075823,0.42784733176368234
JSYQ5GPfsFt8H0VRDdZv,1930240,4377525,0.4409432270518158
JSYxG6FyPnqQzEp73B9e,861184,8223637,0.10472057557988029
Jt3kj7AHvPdRfL6yCh2n,1989632,11254586,0.1767841127163629
Jt9n0B4wTIpYCAko1ZQE,1098752,1465587,0.7497009730572118
JTAoQ9miHalVeE63PdBU,5033472,172054,29.25518732490962
jtbI230ofwYMxRuFdpzX,8493056,166525,51.00168743431917
ju23GQl4DYFVeNwc85ka,979968,3776618,0.25948295538495025
Ju4nWgOCHXBlyZmTo51e,801792,4320927,0.18556018187763876
JUCpOmLGibKr7gdPHfhj,4840448,9001694,0.537726343508233
JudsxDwAcT2XRjZkC7Yv,816640,7252295,0.11260435489731181
JufSg9mpGi1dVZ0C7zWA,460288,1040628,0.4423175236491811
juGVt8nSNeo7OJr2p0md,1945088,3485532,0.558046232253785
jUK5O9P6bJSAiMD0ofQy,950272,1864581,0.5096437215653276
JUKui8IlmdXj7DVLn56e,4370274,38171551,0.11449034386891956
jULaFyfMxw9nPWX6uK12,460288,962523,0.4782098713485288
JunATHDXOfYZFlRpahV1,2360832,10373627,0.22758018964823007
JUO3pfywZnC4e9xHLBMA,10556928,107431204,0.09826686853476947
JUr6yTFW3ExqApBt5S2z,8493056,170333,49.86148309487886
JV6Qew1hoIUYF7uiCz4L,3712000,2131159,1.741775249993079
jVEk2G0fyQUiNWbxAzch,4825600,8976115,0.5376045204411931
JvHA2RcsbZqDQ5ETtog3,638464,4404329,0.14496283088752
JVPnwpfeExcNDt2ZTAQm,5434368,61016626,0.08906372502471703
JVSdyxfAB2Y3KT4ZihCk,460288,1024370,0.44933764167244256
JW5KOAExTVe2qH3kM4SD,697856,1084751,0.6433328939083716
jwJRB9KOeGsc4ME7WXuy,579072,6304955,0.09184395447707398
JwXPAuRDQva5FYe8t30z,8493056,170568,49.792786454669105
jwzRSkGXbLEaZMsguQc3,1410560,6259787,0.2253367406910171
JWZspDnaHodqzRly0fMg,11329024,226423,50.034775619084634
JXbBkuvnYF1tCANOlZy6,1559040,1536716,1.0145270824277226
jxgaANiB20rR4UuSveCs,1752064,1532938,1.1429451158494341
JxGT97ynUebwfFQZvdu6,11329024,230077,49.24014134398484
jy6vK4hB8Z2eYMFXdkbP,712704,5468617,0.1303261866757171
JyABO1D3n0kxMLIWq25g,3251712,32214327,0.10093993271999753
JycBQ9bRKZChEMI4DWPe,11329024,226647,49.985325197333296
JYEvhBDFS2aNocqUwkMb,4558336,170444,26.743892422144516
JyExpTqVMmeA2wH0FbkY,608768,1266955,0.4804969395124531
jynSzuQrYfI7eGHWKmPZ,11329024,227320,49.83733943339785
JySEQsbmRtqxuN2D5IYO,4424704,22320610,0.19823400883757208
jYWpNLrtc2ns0kMizPgX,2093568,23106533,0.09060502499444638
JzF18ftmDC3VOLnIAhWP,5300736,178165,29.751836780512445
jzf91HDNIbFMPaKEmZvL,371397,4085689,0.09090192621122166
JzqSF8afm6XETrWbLpHl,8493056,166020,51.156824478978436
JzTXaNDCqKGuiEvrHOYS,742400,3817622,0.1944666077469168
jzWGYQn7q2fuCKNcUpAx,4443342,34999666,0.12695384007378813
JZxp9mEVqv81h4s2YkCD,683008,1841662,0.37086501214663714
K17ifkYqXgNOHav8uzCL,579072,6305798,0.0918316761811907
k1fUSL4R0yqnAoEdQvlD,460288,1029944,0.44690585119190945
k2dfrliR13sGtuCTc4B7,4558336,170299,26.766663339185786
k2mxrqNg1JzRiVsIbytQ,8923648,102493460,0.08706553569369206
k2uRGpoUItiWrTga9ysQ,876032,5318580,0.16471163355632518
K3BiLDx5eFqoG2tETujV,7706112,15608564,0.4937105040540565
k3Gv04b1HUEMmrPCJAct,2672640,12713021,0.21022855228509416
K47QO8LZycVNdTRu2F0P,5300736,176620,30.01209376061601
K4hfUQFEiTBqIPauRYdp,6740992,13114035,0.5140288248430022
K4jGPJV6DUu7Xq1eFdrB,4795904,8528267,0.562353875646717
K5g1aRrQn3tXvPbLGpMS,460288,1050703,0.4380762213489445
k6Mnj2POrsKEqVxeNJAu,876032,8370498,0.10465709447633821
K70AVwRbXjTFZv9g463D,5360128,59868226,0.08953210004919805
k7Xf4A2MhsF9jgiD1UGE,5300736,183056,28.956909361069837
k8eJUjLvbnw0NCI4Ttu2,460288,1068190,0.4309046143476348
k8qrhNTAG54fSl6jDtVa,4795904,8629274,0.5557714356966762
K9kNdLS83clsP0wDFObZ,697856,4765378,0.14644294744299402
k9Vp4RQczHiGXIJ10qMf,5300736,178924,29.62562875857906
KAGfZUyown7ieqDOgBYr,668160,1551030,0.43078470435774935
kAQCMqUNsZDoribmvw84,2331136,11481954,0.2030260703012745
KAVHCXZWDib1zxPOqINJ,683008,4148687,0.16463232825228802
kBdDKj9W1rQPpoHmetaG,1351168,2626590,0.5144190756836812
KBvLr7Tk8OuoySgdA6eY,7275520,16118697,0.45137147252039045
kc01Wwz52sCaEVlFXgpG,2108416,16084227,0.13108593903828888
kcAwuM18pnvfbgIos570,683008,2494306,0.273826868074727
KcfgCTNF3aMdqJ0jyWSG,2271744,6123071,0.3710138262319676
kcpjm3bSZFrIltvNVTMW,5300736,185506,28.57447198473365
kczYF5vSxW3ZrilfJesd,786944,4555064,0.17276244636738364
kdmNfXGWslxUa3yATSFw,4558336,184180,24.749353892930827
kDyOh6d8WQNTEoxJYUg1,2925056,32215264,0.09079720718725136
kdzj2p0qHin4fMBCaPF5,2331136,11556222,0.20172128918949464
kei4pRX9ENQaKFsLcOU1,237568,1432023,0.16589677679757936
kflLjmJz8FGsprySOqoX,5330432,176703,30.166052642003816
kg24YRJTB8DNdKMXpwOH,4825600,8969312,0.538012280094616
kG29BLiFYPgWtpb350sO,623616,1287299,0.48443757044789126
kGf3NUtFcq2wCSD0Yeuz,638464,1922677,0.33207033734735475
kgfPdjYxa5GtleWVrvEM,5330432,176705,30.165711213604595
kGITL4OJxYMWEQ1bKBiP,3162624,21169267,0.14939695361204525
KGTOj6HAvNqWUcP27bCf,950272,608548,1.5615399278282074
KHmRYShqZacoQEOJx862,1395712,3713722,0.3758256541550498
KHtk3pyb0qUlQr9hJda6,2167808,23480587,0.09232341593504455
Ki1pYrmszFSjuWUvHIqk,2331136,11576131,0.20137436247050072
kI2PQoudeFEDYOBTliUf,6325248,13184907,0.47973398674711926
ki3Fo5dh6yWAqOCBrEXP,2123264,22792508,0.09315622484370742
KIMkclhHJbdsR5218rzq,3014144,5413962,0.556735344651477
kIpOXia5GrTjeNzV9K13,4513792,187401,24.08627488647339
kjn4yXdo0iLCmZ9GugOV,282112,2121895,0.1329528558199157
kl6Lw0U7WYT2biJXhP3y,608768,3533252,0.1722967962658763
KLaDWc2xvMJOdo87b9Zf,742400,921003,0.8060777217880941
kLMHFv8hXS0atbDf7nGY,460288,1096047,0.419952793995148
KM7grcA6yBk1J0CmaWiP,7884288,14804381,0.5325645158686473
KMAcej7qgX5u9RbTUZ0x,2212352,6958019,0.31795716568178384
kMAlu9InmCyvPpEDL46i,1707520,10885725,0.15685863826249516
kMdOa9cZ3jw8GUFu52Tq,5033472,189371,26.579951523728553
kMDrx5LS2P864CIwNiVs,4558336,170259,26.772951796968147
kMJ8PQiEqdOx1wmF4cKI,5033472,180482,27.889052647909487
KNlAmtEIizBU7X5H1PwQ,8418816,18083859,0.46554311223063616
KNP2ROq6J8YEcmyrtSjV,4399126,35113032,0.1252847091074334
KqEgONxfHdP5lLaBIGQk,9517568,110066002,0.08647146100573364
kqiOdVbRQlB2s907GLMv,5300736,176569,30.020762421489614
KQwj9O6dlPxNyf8zW0gp,1781760,20181084,0.0882886172021285
ksTyZ4jN21lBiC9UYOGe,1009664,5738128,0.1759570368594078
KWg8T3NOYaQBF0tMqLm5,5300736,176991,29.94918385680628
KXy5fwEeZon9r6bHAvRg,1781760,8617015,0.20677229876006947
l06yuHvrqdzTo8CQeAO5,252416,1657640,0.1522743177046886
l0PMq9Be5ft1ciaF4IwC,4513792,179344,25.16834686412704
L0xnGubfYwOPpQAgVNvo,5330432,184694,28.86088340714912
L1o7HeFKzONsb3JvRy82,5300736,184664,28.704761079582376
l1OdNtIKM8Gi6jowZHg3,4558336,170284,26.7690211646426
L1OGj5BEh2drf0Wtiu9N,5300736,185542,28.568927789934353
L2QwdUyG0HISDVk8rcsE,5345280,13418079,0.3983640281146057
l387nbiI4TU9LNMQt1Fe,683008,3858262,0.17702478473468106
l5zY6vNZbOKF07uSn2Am,475136,3565548,0.13325749646337673
lBuYeZUbtHQVsh7Tn2NJ,697856,4133517,0.16882862705052382
lcqv9STBAX20houtQnR3,683008,4042780,0.16894513181523604
ldNfaCpceLnGUE0rPzqF,489984,3827846,0.1280051496324565
LEnDGzVIjHaqmrPMJyR0,412229,4517833,0.0912448512373078
LfVY3tPrRZHGQ2SdJm5x,2345984,11222297,0.20904668625326883
LH5pzdDSPOtgIaBC1jWo,112628,1339326,0.08409304381457539
ljFT1KeZmEiHxhuRbrcd,623616,4280258,0.14569589029446356
ljuryB4bfagHqV5FM9Ae,2331136,11826930,0.19710406673583086
loIP1tiwELF9YNZQjSUO,2331136,11816882,0.19727166607908922
lS0IVqXeJrN6Dzi9Pap1,623616,3719060,0.16768108070318843
