File ID,HEADER:,.text:,.Pav:,.idata:,.data:,.bss:,.rdata:,.edata:,.rsrc:,.tls:,.reloc:,.BSS:,.CODE
0eN9lyQfwmTVk7C2ZoYp,25,1150,0,0,1039,0,1457,0,3,0,0,0,0
0hZEqJ5eMVjU21HAG7Ii,26,1283,0,0,1041,0,1474,0,3,33,0,0,0
04hSzLv5s2TDYPlcgpHB,26,9248,0,245,6331,0,0,0,3,0,0,0,0
0ItXlAUOhK8ZYdDf7HW4,26,8770,0,206,4600,92,0,0,3,0,0,0,0
0aVNj3qFgEZI6Akf4Kuv,26,8298,0,147,9831,7164,0,0,3,0,0,0,0
0K4sTCLtrIJ5SinQbe7u,41,1940,0,142,1048,0,222,0,3,0,0,0,0
0LAXajqhQy7po16dw8Tx,26,1295,0,0,1041,0,1458,0,3,33,0,0,0
0M7aSiE9csDzkmfKheVt,25,1170,0,0,1039,0,1469,0,3,0,0,0,0
0mgFnqeLAMr7jthUYRTv,26,9250,0,206,4600,92,0,0,3,0,0,0,0
0I4ZVvngsAatm8fzD3pk,26,56442,0,793,3624,0,8464,0,3,0,3,0,0
08BX5Slp2I1FraZWbc6j,21,1539,0,172,99397,0,385,0,3,0,0,0,0
0gcZkSFr7VnEmLPbTxUe,24,69453,0,298,123,0,1438,0,0,0,0,0,0
0DbLeKSoxu47wjqVHsi9,0,103758,0,512,6673,0,21330,0,0,0,0,0,0
0PlfqyKM1JtYZx2me5FU,26,1322,0,0,1041,0,1471,0,3,33,0,0,0
0Iv6U2hbcP1xeBitW5Oo,0,0,0,0,0,0,0,0,0,0,0,0,0
0EL7OGZKozbiNCVP61gk,24,0,0,251,0,0,0,0,3,0,3,0,0
0MmZ8j5pn2R3VG9wlxYi,24,0,0,253,0,0,0,0,3,0,3,0,0
0rGlKyvn5Vo67RaDhPti,26,8988,0,206,4600,92,0,0,3,0,0,0,0
0NyfGXt8nmlK72Q9Irhs,26,84033,0,799,1666,0,0,0,5,0,3,0,0
0S7z4qxYTHPUDO8fgIyA,27,10483,0,301,3458,0,2847,0,3,0,3,0,0
0SHJ2aOnMCUGdLZrTQDV,38,1968,0,159,998,0,213,0,3,0,0,0,0
0sH5GdO3LpZwMbPaXjfN,24,12191,0,255,950,0,909,0,0,0,0,0,0
0SIqXMkDBWKE8s9pQaOv,23,6410,0,354,141,0,0,0,5,0,0,0,0
05aiMRw13bYWqZ8OHvjl,0,102639,0,310,26758,0,52565,0,0,0,0,0,0
0GUIi7xAlODwZ4YBenNM,0,3522,0,260,264577,0,19318,0,0,0,0,0,0
0sYDNzwVMaWE2TIZeA81,24,2595,0,139,1052,0,2003,0,3,0,0,0,0
0njs7MJQObCY8ABgykiP,24,18871,0,1753,172967,0,2556,0,0,0,3,0,0
0pXDqTLSebKWgaUOdnVE,24,11187,0,1012,171897,0,1649,0,0,0,3,0,0
0VnTurd7B4YsH63wUGJ2,24,0,0,253,0,0,0,0,0,0,3,0,0
0qV43bnIcBDPF1WlG6tJ,24,70535,0,198,480,0,573,0,0,0,0,0,0
0sLBvJeYl5UkiRzV1atI,24,0,0,178,0,0,0,0,3,0,3,0,0
0XrH26wcU1ASsvK5ZqhD,24,4001,0,268,4115,0,10272,0,3,0,3,0,0
0YIPlyX3fbNs2ntJRGgH,27,2192,0,0,1067,0,1496,0,3,0,0,0,0
0ZAJlqmphO4fjnVB6bMz,26,10523,0,206,4600,92,0,0,3,0,0,0,0
0PREAmkFZjrftD3LiwOV,0,98946,0,689,24964,0,24599,0,0,0,0,0,0
0sM2atqTo48GgnFwhQXu,26,0,0,251,0,0,0,0,3,0,3,0,0
0YCvp8xd4rjiDMKFV9PA,0,85683,0,536,6673,0,21371,0,0,0,0,0,0
18te652nLyCi3IrZqMOJ,26,1479,0,0,1041,0,1459,0,3,33,0,0,0
0wkFafuhqSr1Z5J7K6C9,26,4998,0,209,158664,0,1049,0,725,0,0,0,0
19B6wSHOLmjhGPoquTbW,24,0,0,178,0,0,0,0,3,0,3,0,0
13FZ9DOhywk78sJiVULu,24,68367,0,267,519,0,526,0,0,0,0,0,0
1ARrSUKCbhWeTFyjp4ix,26,10162,0,245,6331,0,0,0,3,0,0,0,0
1aAwe4J9VHrsq8uEoZhf,25,66560,0,929,7527,0,15857,0,3,0,3,0,0
1AXVt0D9mSU26fL4iFGc,23,19688,0,294,3991,0,3468,0,3,0,3,0,0
0V6UmdMg7wQGXslAzORJ,0,109698,0,646,24994,0,24477,0,0,0,0,0,0
0uZcAvaHLitbWmC1QMXf,0,80397,0,411,32850,0,320312,0,0,0,0,0,0
0hZqVRKkw7GfMdpalLiN,51,3337,0,129,783897,0,592,0,3,0,0,0,0
1EisIfzGOTX8hKaFH6uy,34,1973,0,151,1010,0,215,0,3,0,0,0,0
1bL4yiwCUvSOg7tBJudf,24,564,0,113,262672,0,332,0,3,0,0,0,0
1DNWriJEg56S03yvjTBu,26,131112,0,1869,5389,0,0,0,12,0,3,0,0
10H9detwuiZByNSRMmxf,0,4836,0,265,20448,0,554441,0,0,0,0,0,0
1eOaAY4fpV38LIdhxl95,22,4634,0,3,31569,0,55313,3,3,0,0,0,0
0rgi8OfjvwKbA57IXVcE,0,0,0,0,0,0,0,0,0,0,0,0,0
0tZy7jgOKCIJslPRvrop,26,4520,0,373,360357,17,0,0,0,0,0,0,0
1eJx34l8pcAFvMuOwrjB,23,115738,0,335,4389,0,37641,0,3,0,3,0,0
1KCvMqIFUoaB6wfOc2xQ,26,1291,0,0,1041,0,1470,0,3,33,0,0,0
1KjZ4An78sOytkzgRL0E,26,1464,0,0,1041,0,1455,0,3,33,0,0,0
1L8Wt9XTV3pInwaqiobG,40,1992,0,145,1031,0,213,0,3,0,0,0,0
1el4qZPVwIXavrChcyGp,0,129687,0,497,6673,0,21326,0,0,0,0,0,0
1mlhNbQOFU0VtAP8ZJBk,26,8738,0,206,4600,92,0,0,3,0,0,0,0
1h7nkscUw5lDurHXPE20,21,1539,0,172,99397,0,385,0,3,0,0,0,0
1NiArstKkEmMf0vjDd7l,26,1326,0,0,1041,0,1471,0,3,33,0,0,0
1mStzMaQ8RUVBx7TkF4o,27,10583,0,150,45,50,1079,6,3,0,3,0,0
1ik3ncdBTYIJAgfmjpwz,25,66560,0,929,7527,0,15857,0,3,0,3,0,0
1NvKF7pMREf4iVyzZewr,28,3558,0,21,3356,0,0,0,0,0,3,0,0
1OHzGWXBTlpyVsIPK3kj,28,17037,0,182,45,49,903,6,3,0,3,0,0
1otbAhISV0yQ7vF6zndx,24,3188,0,184,32748,0,25474,0,3,0,3,0,0
1hK3zVxBGXmtTP6JlHwb,27,117204,0,278,45,53,73420,6,3,0,3,0,0
1rCGTyze8Mqbtx49fQOu,24,1203,0,143,1029,0,222,0,3,0,0,0,0
1Nu6CWGKlM4Xgi2x9a8H,24,0,0,253,0,0,0,0,3,0,3,0,0
148bgAqCj3NzaHwSP0Gu,26,5052,0,388,360921,17,0,0,0,0,0,0,0
19lTEvHhVDprkGxgXLcf,41,3315,0,126,783909,0,639,0,3,0,0,0,0
1PQFYMSBLAO9TmKk2Zhj,25,827,0,103,85520,0,26975,0,3,0,0,0,0
1tBWqEHyDjQpKrGg5ulh,0,34113,0,535,4724,0,5595,0,0,0,0,0,0
1MjkqlJ7L6EoAPXb2fKV,24,22581,0,1361,148090,0,1982,0,0,0,0,0,0
1T3m7BMCLXpu9JjyKH8R,0,37137,0,532,4724,0,5603,0,0,0,0,0,0
1tzCLRxMuGS0yKI3lj8c,24,13636,0,267,3372,0,3185,0,3,0,0,0,0
1TKPznCeQg9cHYflavwb,24,25110,0,289,4352,0,4992,0,6,0,0,0,0
1q92fF8uKHitWlaIkXzQ,27,95359,0,810,5994,0,0,0,5,0,3,0,0
1zVtBw2rdTN9j7a4xZE0,26,10344,0,206,4600,92,0,0,3,0,0,0,0
1Skcwz5YxWihMqIyt30X,24,0,0,253,0,0,0,0,3,0,3,0,0
21l6VM9tKEuCUhL7DjeY,22,10740,0,647,547,0,717,0,3,0,0,0,0
25JcvPNOIBXgSrAEtpUy,25,1346,0,0,1039,0,1469,0,3,0,0,0,0
27V4S1ncC3fj0gitGuDI,24,0,0,253,0,0,0,0,0,0,3,0,0
29FZvBJyX0GbnaLAYeKw,35,1772,0,126,1053,0,221,0,3,0,0,0,0
1Vd3xZnQl87fbhPoSYJ6,0,28898,0,832,8209,0,51246,0,0,0,0,0,0
1buWc2A0VeMrkNpohCPy,45,3262,0,127,783882,0,639,0,3,0,0,0,0
1YAFzJjOeKUCc7pubM9q,24,15192,0,390,141456,0,497,0,0,0,0,0,0
1uNTL24yHl3EVFidSzUA,24,21922,0,1199,167618,0,1785,0,0,0,0,0,0
2cf8jvWxmkMu6s10zbqN,26,8697,0,206,4600,92,0,0,3,0,0,0,0
1vQKJIkiBaTVxc5uYCZW,0,86905,0,448,25274,0,24173,0,0,0,0,0,0
2EgZDWKnJV3Gz4TkIiYU,39,1998,0,140,1005,0,222,0,3,0,0,0,0
1yC7BzWHgtI2FibhQ0km,25,344,0,103,263696,0,15844,0,3,0,0,0,0
2EkHfwNj5o7JcDq6UzuG,30,1767,0,124,1062,0,221,0,3,0,0,0,0
25jQ4xItcnbB6Hfo0E9T,0,212568,0,510,6522,0,21322,0,0,0,0,0,0
2AloO4fCXKL9DnYdeQUP,24,10530,0,397,173796,0,463,0,0,0,0,0,0
2FfmJdWv6RrIjzYhaKZ1,39,2004,0,139,1045,0,217,0,3,0,0,0,0
2eqnSQrGfCXupwkDtIJ6,22,58119,0,852,582,0,7306,0,5,0,3,0,0
2gwSoct3BzRUvajVeCLu,25,1158,0,0,1039,0,1457,0,3,0,0,0,0
2HRQ1j0Dx3fv8Ad7n9rg,29,11092,0,78,8302,0,11414,0,3,0,3,0,0
2eJq8SOvi1Bs4T9XNEj6,21,1937,0,171,145645,0,402,0,3,0,0,0,0
2F5DOMVLNGfQKePHdwru,24,83301,0,947,2204,0,29323,0,13,0,3,0,0
1GRsOmJXetEkqIraBuSd,0,18621,0,348,31368,0,859618,0,0,0,0,0,0
2jHV3wyk5aDGBs9SFCvW,24,0,0,248,0,0,0,0,3,0,3,0,0
2bf65CdkZTUGXjzq9KNJ,0,114404,0,333,26946,0,57350,0,0,0,0,0,0
2mZqzjspRt5Xy4B9f03L,26,2445,0,179,1048,0,2005,0,3,0,0,0,0
2LR1cT43f809ZG6KUd5l,22,0,0,3,0,0,0,0,6,0,0,0,0
2LEOmN89p57jGayvcXet,27,0,0,258,0,0,26,0,3,19,3,0,0
2L8T9IgSrJs7mlF5PueZ,29,4551,0,37,4920,0,34464,0,3,36369,3,0,0
2nr0GTSxN4zKobZqwpy6,22,1950,0,180,126167,0,452,0,0,0,0,0,0
2NakDPd4GWEwzuHhTx5o,24,68800,0,226,656,0,449,0,0,0,0,0,0
2oMjFb1UfIym9ZgxDPqG,26,1556,0,0,1041,0,1456,0,3,33,0,0,0
2oyTpmYF4tSuBH9kXQc7,23,8648,0,220,11771,0,403,0,5,0,3,0,0
2OZkNTqAJ8X61eK4pjhR,26,8753,0,206,4600,92,0,0,3,0,0,0,0
2e5P1iKzXugGRBFfOEnc,25,18303,0,133,317454,17,0,0,3,0,0,0,0
2qZrQoxyYDeadjIp3mSH,27,9697,0,38,11890,0,7768,0,3,0,3,0,0
2RsBPMStVQNc7x3kgYde,23,22297,0,761,10606,0,912,0,19,0,0,0,0
2SnRYbpqifxILdT4Wg9m,26,4874,0,0,1551,0,1491,0,3,0,0,0,0
2r0UYLcKCxnRovpj5dlQ,25,39524,14903,10635,0,0,0,0,0,0,0,0,0
0gxJ1YmwFUvnOzoM8N53,0,5410,0,277,3667,0,2088131,0,0,0,0,0,0
2qSURceVYgQEhOFAdPXC,22,772,0,145,157521,0,0,0,0,0,3,0,0
2X3tMeVL1QZ4WJmdqkUz,42,2019,0,144,1026,0,215,0,3,0,0,0,0
2xlhAE5LO8RFfczB6ep3,26,1314,0,0,1041,0,1471,0,3,33,0,0,0
2vzlFiPL03STnwtDhoCU,25,14072,0,40,73744,0,1040,0,0,0,0,0,0
2WkGMV9mKJrBAOZL5zdI,24,68493,0,271,551,0,794,0,0,0,0,0,0
2SRWXLQomgJyliq3G6BM,24,550,0,103,262672,0,299,0,3,0,0,0,0
2ECqL8au6iS3jNJDoOdn,27,978,0,119,783895,0,659,0,0,0,0,0,0
2ZPDI3tv7UdhkfRWu54L,25,198734,0,1605,7927,0,0,0,5,0,3,0,0
2YNFrzjaecyUInXCDVmt,24,413,0,118,262672,0,344,0,3,0,0,0,0
2zUdQEyv5oKARaYGxhXk,0,7230,0,504,4406,0,7232,0,0,0,0,0,0
35B8Vh0Q9k4STsiCtKx2,26,1284,0,0,1041,0,1462,0,3,33,0,0,0
065EZhxgbLRSHsB87uIF,0,7974,0,539,2200854,0,27720,0,0,0,0,0,0
35dbDR8KSIwZNAPlcgTi,25,1147,0,0,1039,0,1469,0,0,0,0,0,0
30htxi8FRcmfUkInewlS,0,0,0,0,0,0,0,0,0,0,0,0,0
36mPaSFkA7gVLnCbhqTt,26,8672,0,206,4600,92,0,0,3,0,0,0,0
37Og0blzE4WYpZ5c9LMN,25,1150,0,0,1039,0,1469,0,3,0,0,0,0
37MUhjJKBdCYFZyvqHWu,27,6747,0,49,20495,0,27467,0,3,0,3,0,0
2gMFLJAaNEkx7oWRwl54,0,10611,0,448,29602,0,900705,0,0,0,0,0,0
32rcXoa5QI1EmxBFS9he,23,9349,0,95,73744,0,1040,0,0,0,0,0,0
3afO9NUdwDyT6IlAm7gk,24,11855,0,232,146,0,867,0,0,0,0,0,0
3b7cK2nPtTHIQ658wsYk,54,2191,0,0,1043,0,1495,0,3,0,0,0,0
2ZY5e4PHsEAvkziQGFR6,24,439,0,113,264208,0,332,0,3,0,0,0,0
3Cb9mdkictPwsSOTKUIY,24,0,0,4131,0,0,0,0,3,0,3,0,0
387RdPoyKxJIZr1YNcO6,24,0,0,253,0,0,0,0,3,0,3,0,0
3aisrYOcQetkUqnfvp5K,31,15534,0,466,1734,0,0,0,3,0,3,0,0
3cLxp0USf758FCdWIMeb,26,9596,0,206,4600,92,0,0,3,0,0,0,0
39gowdFUK2kGxcBnbALH,26,87966,0,487,7946,0,0,0,5,0,3,0,0
3d2x0BYR7aiJLfPNsbgo,25,399,0,113,16913,0,20080,0,3,0,0,0,0
3eHwdBolFKi4PahtXSyg,25,1167,0,0,1039,0,1469,0,3,0,0,0,0
3Ce9LP6ngx2uBtSyczRG,26,5209,0,378,51213,17,0,0,0,0,0,0,0
32r6nRhN1UCwtFTfy8ZG,0,0,0,0,0,0,0,0,0,0,0,0,0
39YX8jkenM2UHOvCRDq5,24,21796,0,1042,169329,0,1621,0,0,0,0,0,0
3cG5wXTa8pRN7ObFtE4K,24,62130,0,266,840,0,1092,0,0,0,0,0,0
3kpwYGsKyF8HlnjDm6aA,38,2002,0,143,1044,0,222,0,3,0,0,0,0
3Bsqe5aIEWKZvOjXmox9,0,0,0,0,0,0,0,0,0,0,0,0,0
3lVFreCQGTEnZyYs1Iiz,26,11254,0,206,4600,92,0,0,3,0,0,0,0
3mpsxg2FODqCAXHbMKPi,25,1168,0,0,1039,0,1469,0,3,0,0,0,0
3eaqPVnAvws1lHzX9GhD,24,20281,0,1350,152591,0,1986,0,0,0,0,0,0
3LOYzcPQdE7yresjlXVm,25,46399,0,248,1601,0,18887,0,3,0,3,0,0
3FNOSAujbRIDnZqhmeMo,0,89609,0,506,6674,0,21335,0,0,0,0,0,0
3IZHa2xXVu6KrgNoPd9W,24,0,0,253,0,0,0,0,3,0,3,0,0
3pU5vISM0d7gtEi6wFXr,26,8459,0,245,6331,0,0,0,3,0,0,0,0
3g7SToXfidhHqjZ5RJUb,29,3918,0,44,7002,0,0,0,3,0,3,0,0
3PUsV4jflnCw8mGHZIgK,26,11327,0,393,2898,0,4868,0,3,0,3,0,0
3OX0rbks7LQmeDcKx8C4,22,4026,0,3,27197,0,55313,3,3,0,0,0,0
3nxujXtip8hGHb6ZQdA4,24,0,0,253,0,0,0,0,3,0,3,0,0
3rsuE2CHA4WG16fQynUK,41,1978,0,143,996,0,217,0,3,0,0,0,0
3TDhUPRqnKiQ8VpB6oCY,29,1812,0,126,1057,0,221,0,3,0,0,0,0
3vG9FbUS2P8Xcfsj4WLw,23,1180,0,138,1010,0,222,0,3,0,0,0,0
3MZriOFjTzUcpWfl4nah,24,14653,0,1009,159151,0,1467,0,0,0,3,0,0
3RiBw0ntobeCh5VEQrY1,24,379,0,118,76304,0,344,0,3,0,0,0,0
3WPEFKHwX1DLBI4bzAM7,30,1812,0,126,1045,0,221,0,3,0,0,0,0
3X2jQ6SzeKCxA7WmlqoZ,41,1979,0,139,1044,0,221,0,3,0,0,0,0
3X2nY7iQaPBIWDrAZqJe,23,227,0,43,19,0,0,0,10,0,3,0,0
3x9R8E6Gv5JhDda2eoq4,22,1016,0,184,1025,0,220,0,3,0,0,0,0
3Wi8BgsVyjH7oKbEPq9f,0,66037,0,522,6673,0,21320,0,0,0,0,0,0
3xhmsIkdn7FPL4G9a0Qg,27,39046,0,414,4549,0,9014,0,3,0,3,0,0
3Rpwdu5AN4l2KkeoYHED,24,13528,0,1186,158292,0,1828,0,0,0,3,0,0
3yPmbIvrqGOeWRSUnFTA,26,8723,0,206,4600,92,0,0,3,0,0,0,0
40dBpWDhOUzZ5yVAKJF3,29,0,0,110,0,0,26,0,3,19,3,0,0
3wauD2jYkTUn7izLcvV8,24,22394,0,1179,174434,0,1789,0,0,0,0,0,0
41sxuO3ZpR5vAc0Kbjqe,24,4947,0,870,0,580,4112,0,3,0,3,0,0
1BDCxE2AMQN9yH6sWdIo,0,10124,0,572,2436939,0,27773,0,0,0,0,0,0
496EYbjny1LlaK3sr5Zu,24,0,0,178,0,0,0,0,3,0,3,0,0
3nqel6RATDmiaQJwpZCz,28,13675,0,407,452,0,379624,0,3,0,3,0,0
4augeM3l7UKbHc6ITnOL,25,1692,0,127,1072,0,212,0,3,0,0,0,0
41o3zDTReYVFtpOB7EWl,24,0,0,254,0,0,0,0,3,0,3,0,0
4bEmQThjKsiSPcFfzv1q,25,18069,0,482,353,0,0,0,3,0,3,0,0
4c3h7j0QyqIgnKFzA5vR,25,1329,0,0,1039,0,1469,0,0,0,0,0,0
3RrCi87ovZ1Qw6WuygGB,0,157121,0,337,27116,0,57349,0,0,0,0,0,0
3yALVj1gQbw6HfK4WMvl,24,37987,0,840,93117,0,219697,0,3,0,3,0,0
49RfyxpQP1CzvneWIG5q,0,7162,0,469,4409,0,7209,0,0,0,0,0,0
4EB7To6p1z8FAQekCjZi,26,1284,0,0,1041,0,1459,0,3,33,0,0,0
4Eo8QvuZFWCBR6i0rhs7,26,1486,0,0,1041,0,1462,0,3,33,0,0,0
3eNs5FMHf1IcySgw6QG2,35,3307,0,124,783910,0,595,0,0,0,0,0,0
4FdKAHtfpGS1hCjgyNJo,26,9528,0,206,4600,92,0,0,3,0,0,0,0
4fYojiJ3XwcILTA6KlWu,25,1149,0,0,1039,0,1469,0,3,0,0,0,0
4AuqM30HyOajgr8SleRL,26,355,0,105,263696,0,308,0,3,0,0,0,0
2DbfJX4WgzP0R8BwrHyS,0,7625,0,479,2191621,0,27552,0,0,0,0,0,0
4InZfrkMYP8UQOaevoK0,22,1041,0,186,1007,0,219,0,3,0,0,0,0
4dgyhKqaZbAvwx2eXFsc,0,128189,0,333,26718,0,54793,0,0,0,0,0,0
4jNUtkx1QJrzdo2ZqB6K,24,2624,0,178,1027,0,2006,0,3,0,0,0,0
2NYAUVgtXPpbJzRQO7Cl,0,3155,0,341,25001,0,2272680,0,0,0,0,0,0
49epoGtYixcgnkfwJ2dv,27,18390,0,153,311312,17,0,0,94,0,0,0,0
4JGbOVQnEt3ZP5acW7Yz,21,1937,0,171,145645,0,380,0,3,0,0,0,0
4n5LKPoBHSyfNz6iWJeQ,22,996,0,109,817,0,336,0,3,0,3,0,0
4GUJ7HBXO8I56WyRSMQd,25,1503,0,108,263526,0,24162,0,3,0,0,0,0
4kuxDJlwWHMi5KX3SVQq,24,0,0,253,0,0,0,0,3,0,3,0,0
4NnkJueQdl9yX7ITwZKY,30,1758,0,124,1049,0,222,0,3,0,0,0,0
3yitlJFLwPhTcNbUA2aS,45,3356,0,126,783895,0,595,0,0,0,0,0,0
4nEqldNaweD7j806tbhk,24,0,0,253,0,0,0,0,3,0,3,0,0
4f91UESFtRDrnLdyZOCN,24,317507,0,658,47253,0,76539,0,3,0,3,0,0
4Mt53c8yqLWdVzrUoFOP,0,138345,0,1318,20670,0,37108,0,0,0,0,0,0
4OfNIyw7BxlzSHWEi3mL,24,13624,0,424,146071,0,618,0,0,0,0,0,0
4RKTW3jA6pyNbV2lgUst,26,8690,0,206,4600,92,0,0,3,0,0,0,0
4S1uOdNGqKkCxZFVWAzB,26,9156,0,206,4600,92,0,0,3,0,0,0,0
4QCBDTJFskOqox0H8XIL,24,1444,0,105,263696,0,22633,0,3,0,0,0,0
4vr2yUw5PiEgN6BaWRho,40,2010,0,139,1045,0,221,0,3,0,0,0,0
4suKxkVWNqFQZLB5UfXD,27,284,0,118,263696,0,344,0,3,0,0,0,0
4WaGm3PhidQVRopgXz7J,24,631,0,113,85520,0,16095,0,3,0,0,0,0
2O8w7LMDfCgRhnvNuetV,0,5219,0,556,4398,0,2843110,0,0,0,0,0,0
4wrp1jESmXKUAvH5s2aR,21,1416,0,188,1032,0,218,0,3,0,0,0,0
4wv86XGCOkUWEAPrJtDi,23,27652,0,412,28688,0,0,0,3,0,0,0,0
4XAPr8eSwWqzUlc739ZY,24,9930,0,248,434,0,1047,0,0,0,0,0,0
4XEdp5nArx9TN3qZ62kf,25,2014,0,166,1028,0,0,0,3,0,3,0,0
4wvKaeRqlQSBEP9nLOMI,24,87080,0,519,7741,0,24066,0,3,0,3,0,0
4xPwVZd8CpJEAUIebmvB,26,11356,0,145,4084,0,7100,0,3,0,3,0,0
4zB07s1G3KjqYibEO5J2,23,1002,0,175,1023,0,220,0,3,0,0,0,0
4omjpRdNPCMSfxi3TyEA,45,3427,0,126,783897,0,601,0,0,0,0,0,0
50iq3CaS7H1PDWetAMLR,22,1037,0,189,1009,0,220,0,3,0,0,0,0
50f7jCS4w3hED2ueRosN,27,93557,0,803,6368,0,31805,0,3,0,3,0,0
508Uk9z1gvCtucARFWG3,25,3185,0,3,29623,0,262672,3,3,0,0,0,0
4Qcv9hWIsmBX3PUNLltT,26,5151,0,406,360458,17,0,0,0,0,0,0,0
4dYWHLCBPVg5xTAzRK0e,24,19365,0,1351,1445254,0,2016,0,0,0,0,0,0
57aolZC6XSxqr2HiGsfV,26,1290,0,0,1041,0,1458,0,3,33,0,0,0
56KhNHUTXZpryYaGqoj4,26,8749,0,206,4600,92,0,0,3,0,0,0,0
4wIxhDlpCbJVkZLfHKtP,25,484648,0,2797,6161,0,0,0,3,0,0,0,0
51qVyQZvcFaz89onAOBS,24,0,0,253,0,0,0,0,3,0,3,0,0
2kjJp4LQZsyxwquaB7WA,0,5690,0,585,4382,0,3584489,0,0,0,0,0,0
5bNgRzHpdGInuxjQBvFt,26,1696,0,127,1063,0,214,0,3,0,0,0,0
59P7Kv8cMforuZUpVQnY,24,0,0,253,0,0,0,0,0,0,3,0,0
5102w8Hp4TRkWbIUXSgZ,22,96702,0,436,113835,0,68435,0,3,0,3,0,0
5fcdwygv9TKrl3GW0zMA,31,1823,0,125,1043,0,222,0,3,0,0,0,0
5FyHhsqWCcxTkAS7wVlD,25,1512,0,0,1039,0,1457,0,3,33,0,0,0
5gVwWXsxtIzEn6RUJq7G,24,11052,0,288,976,0,1086,0,0,0,0,0,0
5aqZV2vfkm63IeXYPlWg,24,501,0,103,85520,0,20495,0,3,0,0,0,0
5iJsI0VCgF2D1Gukdayc,27,10507,0,200,45,49,627,6,3,0,3,0,0
5dqijn0zcEPgONTLFRoI,22,3423,0,3,27593,0,55313,3,3,0,0,0,0
5jkOh9VRtDcMElf1TUBo,24,12490,0,260,1059,0,862,0,0,0,0,0,0
5CQsuk3ygnTmHKEBDbzZ,0,120710,0,504,6711,0,21335,0,0,0,0,0,0
5Kj6AhNFgwEU9aeCXTOy,27,0,0,178,0,0,26,0,3,19,3,0,0
5NMDYGWr4mKFTIk1fQUH,29,1749,0,131,1068,0,216,0,3,0,0,0,0
5JfdLYbqX8oFmD1WTg97,22,7484,0,3,74769,0,1040,3,0,0,0,0,0
5PBvwNE8sCzm1bjUlf6A,25,1338,0,0,1039,0,1457,0,3,33,0,0,0
5i3dyOv9GDKJuCVHF0q1,24,69616,0,263,458,0,714,0,0,0,0,0,0
5QjzywcSG4XLhNRt8unq,26,1291,0,0,1041,0,1462,0,3,33,0,0,0
5PIwjdM6ROvnbiN9Dx0a,25,39451,0,326,3689,0,7764,0,3,0,3,0,0
4Nxt0uDWz8f6YpPqCTM5,24,22389,0,1311,1372424,0,1947,0,0,0,0,0,0
5QvCJULkphcYGge78RNs,22,3266,0,3,27271,0,16913,3,3,0,0,0,0
4CLQnNRbyBDWOaIMFog7,0,5442,0,326,3757,0,1913355,0,0,0,0,0,0
5qQY8mHGLFA1pZgWPOXM,24,250,0,130,65552,0,15365,0,3,0,0,0,0
5sLXK39w4fkSzAVi1Q6U,24,3031,0,810,20466,0,1956,0,3,0,3,0,0
5W4u3pSRyDefEKhVNZms,26,10086,0,206,4600,92,0,0,3,0,0,0,0
5XPfYvNdQRIBJoWmj3Os,26,1305,0,0,1041,0,1471,0,3,33,0,0,0
5xzWZR1OXkKjBTtPYVai,25,2055,0,177,1034,0,1994,0,3,0,0,0,0
4iD1ec9BR6Mghzm82yqs,0,2803,0,332,25002,0,1801767,0,0,0,0,0,0
5R3hLjKfZMi8mYI2zVwb,26,4848,0,381,49164,17,0,0,0,0,0,0,0
5nPbr70kNiOSQGZmL8IH,25,187844,0,608,4295,0,26129,0,12,0,3,0,0
4ng9zuri2Dtm5H8INwxF,23,17913,0,2122,1440897,0,3517,0,0,0,0,0,0
5scq0VdirPRF8DxUKbh1,24,12469,0,1101,159904,0,1718,0,0,0,3,0,0
60C4Kupa7OAXWcjTQIqy,43,2117,0,0,1052,0,1500,0,3,0,0,0,0
5yeOrl2fKasq6BnStQ4G,0,103756,0,514,6673,0,21340,0,0,0,0,0,0
5YcQadwmPLqg72tvW8iS,26,0,0,175,0,0,0,0,3,0,3,0,0
61ZG4u8AIUrOMNRYf0sC,24,12742,0,267,529,0,1374,0,0,0,0,0,0
63vS2seA0bRQhG4fugWE,21,1447,0,184,1030,0,218,0,3,0,0,0,0
67LFYMBVhdD3Jo2UGRSX,26,1293,0,0,1041,0,1471,0,3,33,0,0,0
697TFDm0KRiZIgB4pJG1,26,1489,0,0,1041,0,1461,0,3,33,0,0,0
60q1Io2usSnJWyNpzDlA,21,1539,0,171,99397,0,532,0,3,0,0,0,0
5Xc0iAYjsG7ugxrZNIoS,0,99229,0,400,25359,0,24100,0,0,0,0,0,0
6a9QCg870OIZxrEmqK2l,26,1786,0,0,1065,0,1497,0,3,0,0,0,0
6aTHENeI5PBYgzJndM7V,22,2829,0,181,78,0,772,0,3,0,3,0,0
6B17gNAqEZiQyvt8FDP3,24,10665,0,270,735,0,1234,0,0,0,0,0,0
51NK2bWwuvf6rH7RTCPk,0,13871,0,463,30493,0,884308,0,0,0,0,0,0
5a8pEcRyqVKFmYnGsTrb,0,8976,0,315,25267,0,771144,0,0,0,0,0,0
6CbnMfItA5py0odwQjPR,26,1287,0,0,1041,0,1471,0,3,33,0,0,0
65cjJpPCUQiLDRyXfWd4,23,0,0,0,0,0,0,0,0,0,0,0,0
6cylqphx5sHCm4fYBEdK,25,1159,0,0,1039,0,1469,0,3,0,0,0,0
6bqeRU05pPKuGxQ7NEkO,26,8690,0,206,4600,92,0,0,3,0,0,0,0
5zYVF03NXadb7Gv64PqC,0,127522,0,329,26844,0,54484,0,0,0,0,0,0
5AycfmLjIp7NnvgS1JYW,43,3307,0,125,783892,0,595,0,0,0,0,0,0
6cYUST29aReytkJO4zXi,22,3265,0,3,26961,0,18449,3,3,0,0,0,0
5YhH9bwB2VyoukplmOQA,22,5523,0,310,350840,0,2238,0,0,0,0,0,0
69jsYQMcGwzrBLUPRb5e,24,168158,0,594,24912,0,25151,0,3,0,3,0,0
6Ep5PZ3J09edDNo4ahx8,27,0,0,824,0,0,26,0,3,19,3,0,0
6JckVCSUd5azvlGjBtbu,23,1038,0,260,328,0,369,0,15,0,0,0,0
6gHI9qzDjmLhd4nWS3oi,24,643,0,113,85520,0,18821,0,3,0,0,0,0
6CsTIZDSEdqNzi5tOKBo,24,10444,0,1151,170162,0,1708,0,0,0,0,0,0
6jCs7bHULZXW3kKtxNRw,26,2827,0,634,4129,0,23910,0,3,0,3,0,0
6KauYyxGt1n8wViqbe5X,24,9235,0,260,874,0,793,0,0,0,0,0,0
6McvAWZj4285L7XPrwnE,25,1542,0,0,1039,0,1456,0,3,33,0,0,0
6MfjO3CBFGpvi2mWzwkV,26,8494,0,245,6331,0,0,0,3,0,0,0,0
6Ij39ZnpNmcdKOUe0BvY,22,3466,0,3,27344,0,96251,3,3,0,0,0,0
6cJ4OV1TGifn92SCPNEA,0,220206,0,526,6522,0,21342,0,0,0,0,0,0
6mKG5UgpFBOYCdR3Wz8J,22,1059,0,185,1025,0,220,0,3,0,0,0,0
6NCw8nF9A7fUzYLyJIiD,25,2067,0,142,1045,0,224,0,3,0,0,0,0
6JcOPhsUjbfXgnoQaHyN,21,1865,0,2961,143372,0,3683,0,6,0,0,0,0
6p0xPcyrDB4R8YNHEsnU,27,0,0,264,0,0,26,0,3,19,3,0,0
6GbjZn4wEtWSkrJUzoVc,0,92422,0,333,26668,0,56978,0,0,0,0,0,0
5MjiBxhL0nSvV9CUedQI,0,9783,0,443,863058,0,39929,0,0,0,0,0,0
6qU3wkD1pLx42PcgMFEO,26,8631,0,206,4600,92,0,0,3,0,0,0,0
6r02dN7YEojsfTQkzlGh,42,2004,0,139,996,0,221,0,3,0,0,0,0
6HdwDkgvEnNh9cqlyfR7,22,3378,0,3,30241,0,262672,3,3,0,0,0,0
6pvAOQCLGgPa1EKniNW0,23,31394,0,327,91865,0,5503,0,9,0,3,0,0
69MHIoldGcUTvxEOXJyw,23,18887,0,131,323085,17,0,0,3,0,0,0,0
6sSpDfKNmx3R4rjQeW9M,26,8817,0,206,4600,92,0,0,3,0,0,0,0
6DBKSix3qaP1HcQ8r7uG,25,6693,0,187,278939,17,0,0,3,0,0,0,0
6qjSVHW1IFQOTALiRzca,24,68749,0,175,467,0,1227,0,0,0,0,0,0
6u25JYNBy8wzSHUjqxvh,25,432,0,130,15889,0,383,0,3,0,0,0,0
6slf2AGqxWCP53Z9NuhI,25,48473,0,424,3139,0,0,0,5,0,3,0,0
6rH4RophlktZL3Cwefbu,24,70881,0,306,528,0,795,0,0,0,0,0,0
6qx5KcpelROjwUVJS01I,24,12128,0,1134,154457,0,1765,0,0,0,3,0,0
6wHyQ3DVLMBtsxnhGvmo,24,0,0,253,0,0,0,0,0,0,3,0,0
6WDhbdurpOMFTsP8XkUm,26,8673,0,206,4600,92,0,0,3,0,0,0,0
6v3P0dtFROb2kyiNrKQ1,24,0,0,3616,0,0,0,0,0,0,3,0,0
6WKbReFUk18wYnCNQsyH,26,9106,0,230,6738,92,0,0,3,0,0,0,0
6SHqMnAlwd79OrYL50Ti,25,123317,0,619,22189,0,36562,0,3,0,3,0,0
6OaQhmCAoK3e8qH7NrB5,24,1140,0,118,261650,0,1172,0,0,0,0,0,0
6ZY9Al0hSbQBGF1RcLVH,25,25290,0,830,2421,0,2121,0,11,0,0,0,0
723C8e4nNUKMLrQZYdpP,24,0,0,248,0,0,0,0,0,0,3,0,0
76cGRgDJyFW08rY1tz59,22,6688,0,591,1592,0,3453,0,3,0,3,0,0
6TUw1J5DR47dAgmjHLOs,23,107443,0,1141,12025,0,27670,0,3,0,0,0,0
6z8BRNc5EJetqCs4kZYl,28,5108,0,3,4271,0,0,0,3,0,3,0,0
6ZdpisIvCL1GornaSU4D,24,22916,0,891,170771,0,1450,0,0,0,0,0,0
7AJMbxOIN3YyFnjg5oDR,26,8714,0,206,4600,92,0,0,3,0,0,0,0
7a5RVl9htyOJcBUK4rQm,23,92490,0,577,10211,0,18326,0,5,0,3,0,0
7aEbXfVnzhG6dRMLT58q,23,4599,0,105,143348,0,205,0,3,0,0,0,0
6NH7fncljqxP30hOriSw,23,18186,0,150,314894,17,0,0,3,0,0,0,0
6w02fn5UqNDMd1tISWKc,28,258863,0,364,18709,0,53823,0,3,0,3,0,0
7D92cJaF5QIdpA1OEhSt,26,3705,0,3,28051,0,16913,3,3,0,0,0,0
75qSAohLWYb60Hs24NUF,0,149566,0,607,24997,0,24438,0,0,0,0,0,0
7cx4QdBWg9wMa2pvOLuo,23,27662,0,416,28688,0,0,0,3,0,0,0,0
7dW2EIJqY86gKjPbtCkw,26,8586,0,245,6331,0,0,0,3,0,0,0,0
73LO4S6We2aGQvM0qCXo,0,8488,0,696,26057,0,26990,0,0,0,0,0,0
6v4lNabkVg0pe15nLshu,28,13333,0,339,449,0,404912,0,3,0,3,0,0
7GsWJqlM3kCt62axD5O8,24,1296,0,103,16913,0,21924,0,3,0,0,0,0
7brc10uy63I9lxBGkJD8,24,20220,0,1126,167227,0,1671,0,0,0,0,0,0
7iEfJHXeGdvRDhx364nL,26,5575,0,384,49673,17,0,0,0,0,0,0,0
7IrpXlvH6LOStVaewBPg,23,3842,0,331,2819,0,0,0,4,0,0,0,0
7c06VofO9jp8dkSIunga,24,702,0,113,264208,0,332,0,3,0,0,0,0
7KqfVlEBOmr6tTQewNG8,25,1172,0,0,1039,0,1469,0,3,0,0,0,0
7IpfdG8WOkLFojV5bwJr,26,4822,0,360,49677,17,0,0,0,0,0,0,0
78LEYtRhNmAP9Oogdv2Q,24,336901,0,288,17043,0,19678,0,12,0,3,0,0
7lYJNX4TjapibMyvd9sz,39,2015,0,142,1043,0,222,0,3,0,0,0,0
7KVtWPn30iJpvBkIej4o,26,10099,0,147,9831,7164,0,0,3,0,0,0,0
7oKB6OiGX8LStVwnqlQI,41,1940,0,154,1021,0,213,0,3,0,0,0,0
7l4AkQw3Gx8XRcJO1gaK,26,18481,0,307,181,0,0,0,3,0,3,0,0
7iBwyZQ5kxGEjPN9fThM,24,20716,0,1154,154625,0,1713,0,0,0,0,0,0
7oMbW9DCm6tQn5FTRIus,27,0,0,251,0,0,26,0,3,19,3,0,0
7ptdL0VO1BzPlWXnGHwJ,26,1148,0,145,1039,0,255,0,3,0,0,0,0
7Ounj5D9ZaJBSbK0iodY,22,0,0,3,0,0,0,0,6,0,0,0,0
7QtHrPMIOSsxAde6wnv0,28,12808,0,171,45,50,2607,6,3,0,3,0,0
7iQNYb2mIPzy354RMLX6,0,95548,0,661,25711,0,27885,0,0,0,0,0,0
7QrNYCk9O18JlZWgxmwE,25,10028,0,96,73744,0,1040,0,0,0,0,0,0
7OZ8auLijd26EwXcIGHo,22,2747,0,3,20279,0,67088,3,3,0,0,0,0
7RVrih9gAL1FodIKNTc2,25,1692,0,98,202,44,391,4,3,0,3,0,0
7o5WIv30JPjRy1LHQbGq,28,4219,0,77,0,0,0,0,3,0,3,0,0
7s4hmScB9p6HZfNFwVri,23,11205,0,412,4684,0,99,0,12,0,3,0,0
7Rx5kEXu8PUcAvqodymC,27,6508,0,74,0,0,19781,0,3,0,3,0,0
7slN1qRFSycIgd9Qwejx,42,2037,0,141,1039,0,221,0,3,0,0,0,0
4jVLlkxAIGvb3MBzDYHc,0,6099,0,590,4425,0,3581712,0,0,0,0,0,0
602shC5njSE4yHNZ3QFM,24,23230,0,2421,1415813,0,3602,0,0,0,0,0,0
7rneDC6Ng10vEPuicRWV,27,106223,0,1356,20909,0,0,0,5,0,3,0,0
7sNR0UFCQniz8vbhVpIo,24,0,0,253,0,0,0,0,3,0,3,0,0
7Uzm5a3KiuTxZPWt8sRb,41,1943,0,151,1006,0,214,0,3,0,0,0,0
7UFMw39SLs8Qn4RuIY6W,26,9591,0,206,4600,92,0,0,3,0,0,0,0
7schXvl2FHSujB3aVK9e,24,0,0,253,0,0,0,0,3,0,3,0,0
7uqOdRfD2MNowsIh3xUX,24,0,0,178,0,0,0,0,3,0,3,0,0
7h32P6rADjMVEQuoOJIB,24,34409,0,1156,114049,0,261959,0,3,0,3,0,0
7r4nyOFDRwkc2EgxopWV,23,519,0,113,264208,0,332,0,3,0,0,0,0
7qY2raQ6izp1KwGcsdyn,0,112395,0,715,25325,0,24702,0,0,0,0,0,0
7VlzMYyLUfaWkmPe4huH,22,1972,0,180,125141,0,450,0,0,0,0,0,0
7yhwG9NErjks0RDc15B2,29,0,0,280,0,0,26,0,3,19,3,0,0
7vS8qWAMU6VzbglhF4r3,24,0,0,166933,8,0,0,0,3,0,0,0,0
82AIq1lR7GwbtSsTWQNP,25,2875,0,365,28710,0,32740,0,3,0,3,0,0
7zIMcQ35pnFfgE9qr6vs,24,0,0,253,0,0,0,0,3,0,3,0,0
82C7lgFmjsNTu9fBdHbi,24,4233,0,91,4157,0,1004,0,3,0,3,0,0
85m4HMaLjpTxtlovqZw0,26,1305,0,0,1041,0,1462,0,3,33,0,0,0
7W4mwlHBPNdcFaViXsrD,26,405,0,130,263696,0,15044,0,3,0,0,0,0
85qIWFZNGAb6nLug14lH,40,2149,0,0,1042,0,1495,0,3,0,0,0,0
7DU2vQMzELbKx3tBjg9O,28,1089,0,117,783883,0,659,0,0,0,0,0,0
7T49Xi2bgMIxcAQKdfky,0,4330,0,281,31977,0,473298,0,0,0,0,0,0
85qyLrVc1vhsKCfnNXmx,24,17388,0,1722,143493,0,2511,0,0,0,3,0,0
8a39lGQmftE0MngbKCqu,26,8664,0,206,4600,92,0,0,3,0,0,0,0
8a3GEC7cPKtx0lI6qYvL,25,962,0,108,16913,0,17686,0,3,0,0,0,0
8aIkyv7jJRcWpYOD9Ub1,21,0,0,3,0,0,0,0,6,0,0,0,0
849LvXpTdqesHuxnwfOG,24,343,0,130,262672,0,383,0,3,0,0,0,0
7XNob9FGEw6nCSOZT0vJ,23,18743,0,159,318990,17,0,0,3,0,0,0,0
8c90RlPJHzhmKp1YZN75,21,1539,0,171,99397,0,532,0,3,0,0,0,0
85Mk6byWNR1wCETYisFp,0,3730,0,280,27839,0,392115,0,0,0,0,0,0
8db5LXcqCo9SJBVxQ1g0,26,9477,0,245,6331,0,0,0,3,0,0,0,0
8cqDWHrnyKRC2Ja9biQ5,24,9844,0,1026,164477,0,1589,0,0,0,3,0,0
8F32X71gy4wZrtvmNA6d,0,40184,0,518,4724,0,5590,0,0,0,0,0,0
8JdntIrPBj61FRx39cfb,25,13088,0,29,65552,0,1040,0,0,0,0,0,0
7vhxTb5Y8IVO9wHBfyq0,31,3196,0,119,783324,0,666,0,0,0,0,0,0
7waVJqpLnoxz4fKsZv39,26,5104,0,399,358929,19,0,0,0,0,0,0,0
8mAqS5PYhyIwls9t1r0Z,22,1375,0,183,981,0,218,0,3,0,0,0,0
8jeHRBlOysCUn9FKaAuf,24,26311,0,470,6380,0,0,0,4,0,3,0,0
8cXfpniBZaYVAzg5xt19,23,202824,0,1512,9896,0,19158,0,3,0,0,0,0
87Cf2go9YulDiHEyekaS,0,5641,0,247,497816,0,0,0,0,0,0,0,0
86ltmd4JPQnVozyK37bB,23,18684,0,128,323072,17,0,0,3,0,0,0,0
8pfbAyu34zotUCZwsv2G,26,5286,0,117,988,0,0,0,3,0,3,0,0
8PuImCboM1zNrUSD7OhV,28,12821,0,163,45,50,1550,6,3,0,3,0,0
8QqTlOsYx5oLychRPgX3,26,1308,0,0,1041,0,1471,0,3,33,0,0,0
8J209kMCyFvWuInbYcio,24,15216,0,932,160469,0,1452,0,0,0,3,0,0
8inLjyQfkReMHmNUE4qg,0,110449,0,642,25396,0,24509,0,0,0,0,0,0
8rKwml3nGVhWAiUjDH19,27,11782,0,137,45,50,794,6,3,0,3,0,0
8odIrLKhPvcDWNCVasUl,22,11496,0,3,74769,0,1040,3,0,0,0,0,0
8l5jU3sPg4MomRFwL9zT,24,68592,0,216,178,0,1265,0,0,0,0,0,0
8vLGE0QNUBHaK3dt5hyl,25,1552,0,0,1039,0,1457,0,3,33,0,0,0
8qCPkhNr1KJaGtZ35pBc,21,1866,0,171,141549,0,403,0,3,0,0,0,0
8rSBUFw4tsPubz672vET,0,132842,0,529,6673,0,21360,0,0,0,0,0,0
8w2sWctxOpoIH7VbFREX,24,70914,0,300,497,0,1490,0,0,0,0,0,0
8w5bxPTmWXjst7BafQHl,25,3062,0,229,20401,0,19338,0,3,0,0,0,0
8MSg6ycte4mZsOQL9bVN,0,4013,0,63,24593,0,514263,0,0,0,0,0,0
8VlJEcmXepIy9RS3GMTq,30,236637,0,971,121606,0,3923,0,5,0,3,0,0
8xZW7jgeCML04hIw3tOB,27,29110,0,1603,3269,0,10938,0,3,0,3,0,0
8YF6Rbc7mGV5udHJPMpI,23,1546,0,171,47482,0,385,0,0,0,0,0,0
8YRgqWs2wULtCov0pkT5,24,0,0,248,0,0,0,0,3,0,3,0,0
8MFRorIPmY0iKq5Wz4xB,40,3219,0,125,783890,0,597,0,0,0,0,0,0
81BI6Ky9bfr4CL3TUkFp,0,5395,0,290,3791,0,1782581,0,0,0,0,0,0
8VGXzLxvhH0qIltWc35U,0,17961,0,356,30941,0,863667,0,0,0,0,0,0
8WmlQwgVXPJzeT36c0af,23,18889,0,145,323600,17,0,0,3,0,0,0,0
7eicxTZ3pDPf65O1RLXg,0,2938,0,312,25058,0,2504352,0,0,0,0,0,0
91GncYPQHMUTaSuZBqxJ,24,24333,0,1365,167463,0,1966,0,0,0,0,0,0
93hSUYmZjMsVpPcHJRCo,24,0,0,253,0,0,0,0,3,0,3,0,0
93u1tN26E8eySoFxaign,24,11586,0,249,604,0,702,0,0,0,0,0,0
974hJRWKfvXaTtNoqMGl,26,1549,0,0,1041,0,1456,0,3,33,0,0,0
9C7P6vDFXbryOshpKcfn,26,1497,0,0,1041,0,1474,0,3,33,0,0,0
972muzardTq3IUKHODvP,26,4890,0,361,50190,17,0,0,0,0,0,0,0
9cuvUrSgBCIq6L3p0He7,25,405,0,113,67600,0,332,0,3,0,0,0,0
9dYh3wO2WUFAH5f8VyKQ,23,1215,0,138,1023,0,222,0,3,0,0,0,0
93QCNLn5FD2pueg7GdXB,24,68771,0,225,1018,0,1216,0,0,0,0,0,0
7JjQBd2CAyvtgYlSL0e3,0,4203,0,308,25314,0,2514699,0,0,0,0,0,0
9FfKH0kuryGZqiTmglh7,32,1658,0,128,1041,0,216,0,3,0,0,0,0
9FGfW0bhXZDRKa6dY1Ju,26,10370,0,245,6331,0,0,0,3,0,0,0,0
9ftj5a4V8hCr3pTAUiGl,26,1298,0,0,1041,0,1462,0,3,33,0,0,0
9fyAiTPMpZvqX6Khnb7V,24,1692,0,126,1067,0,213,0,3,0,0,0,0
9eMPNZm0jOhr1SLBDs46,24,898,0,107,263696,0,311,0,3,0,0,0,0
9etf3m1LnKEFTNoSj574,24,875,0,108,263696,0,16667,0,3,0,0,0,0
9gBVZNKoIPkFM8vOp45G,0,91183,0,526,6673,0,21351,0,0,0,0,0,0
9hu54PH0G1qoxEmT7AMb,26,24661,0,484,784,0,4496,0,3,0,3,0,0
9itfPnyplHZhTb8IMYq3,22,0,0,3,0,0,0,0,6,0,0,0,0
6JOiKa5LrAtu42TpY7kI,0,5308,0,540,4383,0,3583978,0,0,0,0,0,0
9KBhpLPe6o13q0QHMjk4,25,5013,0,30,4625,0,0,0,3,0,3,0,0
8VrlyPxXiEU2Bwg5ce3Q,23,19988,0,1937,1410813,0,2980,0,0,0,0,0,0
9l5grVFxD4EItfTnqmks,26,8827,0,206,4600,92,0,0,3,0,0,0,0
8Vaqh6ofRjLcy2CwpEHZ,24,15579,0,1738,1392976,0,2510,0,0,0,0,0,0
9lHyVeXERtIaZcL4kWqM,24,905,0,113,16913,0,19705,0,3,0,0,0,0
9jOk8Tn5JMt4qcXmplfx,24,0,0,253,0,0,0,0,3,0,3,0,0
9MAtXYCG3brN6auwUjQO,27,4090,0,68,12387,0,19939,0,3,0,3,0,0
9DiHIregYkyCL3lzNvtJ,23,18591,0,121,315405,17,0,0,3,0,0,0,0
9N7hmb2VQnZoJBvLTWlt,26,7712,0,230,6738,92,0,0,3,0,0,0,0
9OufdwHvaNyjoQBbePC4,21,5737,0,405,786,0,9088,0,3,0,0,0,0
9PjuhOrlRqxHeQcEBYMX,26,2564,0,141,1048,0,2005,0,3,0,0,0,0
9MW5Nuf0ogCEcRlYJeKG,27,18125,0,86,24628,0,22239,0,3,0,3,0,0
93prvATOY7WiulSKUcRm,26,4666,0,391,361991,17,0,0,0,0,0,0,0
9SOPAylKjf2HnxEhRC6I,41,2015,0,141,1039,0,222,0,3,0,0,0,0
9ml614yxaYqeibfruLWz,24,517,0,117,65552,0,20641,0,3,0,0,0,0
9HAkGKpDrq6hecQZysNd,0,95287,0,591,25041,0,24435,0,0,0,0,0,0
9tmX2JACrdeGWHkY3fwi,25,11600,0,356,2612,0,4175,0,3,0,3,0,0
9rYnHZKwqkfS43RQ5JhE,25,2458,0,41,75281,0,1040,0,0,0,0,0,0
9vS2ZE3gVx1XwkcRioz7,25,39098,0,285,4539,0,6996,0,14,0,3,0,0
9XRnlJD64Wzy3gNUhkMC,25,1152,0,0,1039,0,1469,0,0,0,0,0,0
8rD4bFYzXTVB5IPH1Mdv,0,4751,0,321,25409,0,1800210,0,0,0,0,0,0
9PDzWKXE735IH8V1hoR4,24,0,0,938,0,0,0,0,0,0,0,0,0
93lsPQvIXLHNfCyY2nVr,0,13989,0,465,30568,0,880349,0,0,0,0,0,0
9U2dK1jG06Y8kNnPZWM5,23,38680,0,2650,3901,0,23424,0,3,0,0,0,0
9Py0kQsvVcHmJe8fZEdT,24,68700,0,225,1018,0,1216,0,0,0,0,0,0
a0IC5NMWt9HkBdfOZ8nK,21,5856,0,194,1872,0,347,0,4,0,3,0,0
9Y2lyb1ocjBFCxJqQEZ3,26,37271,0,370,4017,0,0,0,4,0,3,0,0
9M6r8hsleUKTmvfB7Yn2,24,635,0,108,263696,0,19765,0,3,0,0,0,0
9vSJ1dDnwbxl4Fm0By8h,22,3286,0,3,27485,0,95760,3,3,0,0,0,0
9yEvV8KfDm3hcUZPqBe0,22,0,0,3,0,0,0,0,6,0,0,0,0
a3BszoA7hXZc0EuHjmwi,22,2079,0,178,1039,0,1994,0,3,0,0,0,0
a4lrvUoF016MZ2m7dczE,25,1702,0,128,1018,0,214,0,3,0,0,0,0
a3V71kjmx5AwEivJMuGQ,31,15603,0,466,1734,0,0,0,3,0,3,0,0
A6RirTm0V4X5OcaS87e2,27,9807,0,93,4292,0,15420,0,3,0,3,0,0
A7g1E4jMhaFSwliBqHnX,25,1326,0,0,1039,0,1457,0,3,0,0,0,0
a1u9v0bUgGqk5nBwQ2tm,24,15273,0,1263,156854,0,1859,0,0,0,3,0,0
a7Niv6pD5WPycnQK1TZ8,29,1814,0,127,1059,0,220,0,3,0,0,0,0
a7xm4JhCvO9NWVeKMEBn,25,1143,0,0,1039,0,1469,0,0,0,0,0,0
9ybCjYPNtAS3pBU7IfdR,25,961,0,113,263696,0,20388,0,3,0,0,0,0
9kcl1e37zbpLWTPhSoiH,23,16549,0,153,312316,17,0,0,3,0,0,0,0
a82KdTuoj3nB9bU7IfeJ,23,28392,0,430,23057,0,0,0,3,0,0,0,0
A4VuQZbt2oGyOkUcvS7W,22,3573,0,3,25952,0,262672,3,3,0,0,0,0
a9qc1ZCzupOiSsjHdx8e,30,1682,0,127,1069,0,216,0,3,0,0,0,0
a9oIzfw03ED4lTBCt52Y,88,0,0,0,0,0,0,0,0,0,0,0,0
Aa9zCWtbpOo750IlMRdY,29,1675,0,127,1290,0,215,0,3,0,0,0,0
a8hZBDrjGiMdtzSklFNV,25,41647,14702,12256,0,0,0,0,0,0,0,0,0
AafDoztH3lGEhknjFZJM,42,2049,0,144,1017,0,216,0,3,0,0,0,0
a63qScpsxBFJtAXjd1nV,22,3570,0,3,31691,0,262672,3,3,0,0,0,0
ABDGLcYxIh1efOnq98vg,26,1295,0,0,1041,0,1455,0,3,33,0,0,0
a9xbnOcl4UsVTKWjmk10,24,0,0,254,0,0,0,0,3,0,3,0,0
A8hKH57o1Fj0ZgI4q9QX,24,693,0,103,263696,0,14950,0,3,0,0,0,0
AcIxJCZRTFUpaHove6Qf,26,1288,0,0,1041,0,1470,0,3,33,0,0,0
acsNRgv9KxMnXAE2YSI6,26,1317,0,0,1041,0,1471,0,3,33,0,0,0
AbnCYsqpKWGyQE2vh8DV,24,0,0,253,0,0,0,0,0,0,3,0,0
Aci3M7yVmTuk2SDgNrRw,22,2967,0,3,28591,0,16913,3,3,0,0,0,0
ADeT217ZFlhNGQJV4mHk,0,103754,0,503,6674,0,21335,0,0,0,0,0,0
ADIq5LFowdEuPMOGXVcl,27,11577,0,159,45,50,1014,6,3,0,3,0,0
Ab76U0fJanpo2QwxVN9e,25,345,0,103,261650,0,1236,0,0,0,0,0,0
ADHdmfR8J6Ebko2P4lqI,24,69285,0,323,339,0,1502,0,0,0,0,0,0
9yEnJoLOWURsBbt2FivP,26,5351,0,390,360369,17,0,0,0,0,0,0,0
adxTjKLeEt0HFnUJq1BS,25,39747,13769,5960,0,0,0,0,0,0,0,0,0
a29m3nUocvzC8hBOWkTL,39,3313,0,127,783912,0,599,0,3,0,0,0,0
aeS2NqfM8tWdDKUsQgR5,24,1492,0,113,85520,0,20147,0,3,0,0,0,0
aFjtGgxzWAseZRiLJK8I,26,8309,0,147,9831,7164,0,0,3,0,0,0,0
AFY7KdVJNL9ng4pjk1mx,28,15269,0,159,45,50,1037,6,3,0,3,0,0
agqI7DjH6FXER2dNJwVT,28,47345,0,511,7296,0,8656,0,3,0,0,0,0
Aep5gJWMNi4P2OLaIV7S,0,121289,0,681,24127,0,24485,0,0,0,0,0,0
adrSTjE4bxs63w0oQR8U,0,5756,0,269,434881,0,0,0,0,0,0,0,0
ABedwUfPmn9jv5YNbykK,28,15577,0,175,453626,18,0,0,80,0,0,0,0
AgSXb01HILY3mVwfnesd,22,3112,0,3,25625,0,95760,3,3,0,0,0,0
9sqHEPM5v1ZixBWn8mtl,23,17913,0,2122,1383552,0,3517,0,0,0,0,0,0
AHzQrG8e6qDat3lpK4M2,22,8785,0,155,3456,0,390,0,5,0,3,0,0
AiBpmbGDE1zPYOT4usqd,69,0,0,283,0,0,0,0,9,0,0,0,0
ahwFAIPcS3yxg1j02KCJ,24,66531,0,265,736,0,1074,0,0,0,0,0,0
A8REQ3NzB0dtHFCWDhoc,0,13838,0,458,842689,0,39682,0,0,0,0,0,0
Af0aS7YtTvMFG5jhOquc,23,18174,0,141,314382,17,0,0,3,0,0,0,0
AhEcNQy9nYHdfzZreoX1,25,41483,0,267,93263,0,73341,0,3,0,3,0,0
aiRmPYXZnQNA509cpthB,26,9180,0,206,4600,92,0,0,3,0,0,0,0
AIUyufsTl4xF6BHvVpwh,26,8423,0,245,6331,0,0,0,3,0,0,0,0
aiIz8JfYMyPvA4SG6HUO,24,70621,0,280,691,0,1045,0,0,0,0,0,0
aIpSDAY9T3rsCwV06Xue,24,69115,0,272,314,0,1297,0,0,0,0,0,0
a26fPimxvt4dTLeAVGJH,24,23230,0,2421,1399429,0,3602,0,0,0,0,0,0
ajpIxyzuMmAlJ9cw2HTY,26,1163,0,145,1039,0,255,0,3,0,0,0,0
AiaszSGJFhg0wbtyR8Op,24,657,0,105,262674,0,1295,0,0,0,0,0,0
aKQpObrHFW6ymA2uwdXP,25,1148,0,0,1039,0,1457,0,3,0,0,0,0
ajLmuChQW2E3inYtepOH,32,3910,0,53,4160,0,0,0,5992,0,3,0,0
akdGAoZzC9t3jr20Wbyc,26,9510,0,245,6331,0,0,0,3,0,0,0,0
AJBxQN3qer6FYj1RkbdU,24,8483,0,476,141036,0,582,0,0,0,0,0,0
Alip9zLkjS5OtryE46Rb,21,7911,0,66,1050,0,5289,0,4,0,3,0,0
al2koZ501X8hjATSLqgf,28,10926,0,140,45,50,732,6,3,0,3,0,0
AithdqZTbgGjRulO3Lz6,24,23524,0,1036,163964,0,1497,0,0,0,0,0,0
8XwCLB6D3cMFWT9dtKSA,0,5428,0,605,4398,0,3212254,0,0,0,0,0,0
Ajcs0ECN15RQ237GBbof,0,76629,0,18,1000,0,129226,0,0,0,0,0,0
AlkG3guJPUcqyBadfMFH,24,0,0,938,0,0,0,0,0,0,0,0,0
alNJ9v5fdyO2QXruVFsp,22,712,0,225,157256,0,0,0,0,0,3,0,0
AnLTgxmeksSPClNiQMJv,26,8585,0,245,6331,0,0,0,3,0,0,0,0
AmPVn2SGUxg8IT3BDda9,22,3144,0,3,27538,0,55313,3,3,0,0,0,0
anNmxI0dCHhXqo6QWYyk,26,8765,0,206,4600,92,0,0,3,0,0,0,0
Aoa1lgwOyETuRGsIHCe3,26,1478,0,0,1041,0,1459,0,3,33,0,0,0
am8l5JjrXW2hyn3FS4iN,23,165947,0,339,5861,0,35744,0,6,0,3,0,0
AmtQlj9uTKxJdONGWca4,0,55814,0,529,6673,0,21357,0,0,0,0,0,0
AOVMlEpXa3N2Tj581QGc,25,1347,0,0,1039,0,1469,0,0,0,0,0,0
APHtWI0Cm8T2yK9ZeBFM,28,11590,0,148,45,50,641,6,3,0,3,0,0
Am7nEVXHePkCtqsdfzG5,0,102292,0,372,24991,0,24056,0,0,0,0,0,0
aQUM2OeWo1PwkhzsXv4x,26,1308,0,0,1041,0,1471,0,3,33,0,0,0
aGS0rWZK7vX8TNFUz9ci,44,3294,0,126,783902,0,638,0,3,0,0,0,0
arHTiWpEOMctLjx3Gnv2,24,13003,0,114,273,0,3416,0,3,0,3,0,0
aOtVNG6x3empWgK2Zcyd,0,114291,0,534,4852,0,5491,0,0,0,0,0,0
ARUDbr2NviE3at0F59sY,32,1790,0,126,1053,0,222,0,3,0,0,0,0
apzPxCsQNhElHbFGBLk3,27,0,0,252,0,0,26,0,3,19,3,0,0
AdpPZmQ4xzHO3WwFTqLe,24,19365,0,1351,1363308,0,2016,0,0,0,0,0,0
ASEw3L0HqWMePiy1uKxc,24,15604,0,342,12276,0,644,0,5,0,3,0,0
AqwKhntSpCI56vsH7WZe,0,93206,0,578,24954,0,24351,0,0,0,0,0,0
AtjeimUnQDzEqb6TN8cC,25,1161,0,0,1039,0,1469,0,3,0,0,0,0
aSbnYdE1tq0ivTpCKzFs,0,113972,0,512,6673,0,21338,0,0,0,0,0,0
ASod6eiQyz17bRkglJ5q,26,4933,0,387,50692,17,0,0,0,0,0,0,0
AtMdKfnuLBgoj17xEsqY,25,2551,0,139,1035,0,2003,0,3,0,0,0,0
ASDe8bT2BYWLwnOmqFJX,24,7886,0,689,158083,0,1163,0,0,0,3,0,0
ANPyxi13XKGvsF5zlQqW,24,34080,0,1073,113090,0,266248,0,3,0,3,0,0
ATKzi05WXfeNpJPcvmaZ,27,0,0,253,0,0,26,0,3,20,3,0,0
Au5EYTxqCHhdtjBXJfsp,22,1352,0,189,1031,0,219,0,3,0,0,0,0
AU1Y7aLp3ryXsnWN6oHQ,25,2596,0,140,1032,0,2004,0,3,0,0,0,0
aUufGnCVsQDZogv7wHiN,26,1151,0,145,1039,0,255,0,3,0,0,0,0
Auv3RhZlU6tXcdDQjg2i,26,9449,0,249,399,0,607,0,12,0,3,0,0
aIGXWDVUyzTcrYAOeBgP,26,5577,0,397,360920,17,0,0,0,0,0,0,0
ACTK9tVJunILfsYrwyFh,0,3441,0,306,24966,0,1878230,0,0,0,0,0,0
AUHE2QB3peXGCJ5FMcK0,28,7256,0,117,28771,0,22997,0,3,0,3,0,0
atyecAsOdg0rzCXHNvxT,28,30660,0,165,45,69,51416,6,3,0,3,0,0
Aw5bfaXUP67lZN0cjzqO,26,9510,0,245,6331,0,0,0,3,0,0,0,0
Auv9HCxOZViJnjMaSIt0,22,28990,0,804,0,1303,0,0,3,0,3,0,0
aXbDi405xeqQynl69Yk2,26,1135,0,145,1039,0,255,0,3,0,0,0,0
axmjW0H3EnB9JRdSibKY,24,10603,0,227,168,0,948,0,0,0,0,0,0
aXRV9MqCorizGyKJUep0,43,1974,0,146,1027,0,215,0,3,0,0,0,0
AUdusxNDrKT41q6GimcS,22,1956,0,180,122582,0,452,0,0,0,0,0,0
axVyZFikJAs2RWgrB37u,22,13528,0,248,3350,0,2921,0,3,0,3,0,0
Atpz1WjXkcIo7l5TPh9Y,25,13152,0,36,249361,0,2576,0,0,0,0,0,0
AY0G56vi1jp72ErLmkJb,24,0,0,253,0,0,0,0,0,0,3,0,0
AydrZmxNDPoiRfbvXCW8,26,1281,0,0,1041,0,1462,0,3,33,0,0,0
aWXfqViyPYSJHGwOeM07,24,14276,0,1516,176665,0,2188,0,0,0,3,0,0
aylR8xBNVPfJ4eICGLDM,21,0,0,583,0,0,0,0,0,0,0,0,0
aM6vieFrUBwbg8PdWp27,0,8394,0,323,25291,0,927045,0,0,0,0,0,0
AyCpqod2kgXKjOnlEbvV,23,58390,0,291,17937,0,476,0,0,0,0,0,0
AzlMdBSOuma253te0bjX,26,8812,0,206,4600,92,0,0,3,0,0,0,0
B063Llt2F9Qpr5ORSbPJ,22,30078,0,552,6915,0,3249,0,5,0,3,0,0
B0QeAmgHpSR3Gi4FDTZl,23,841,0,103,50,0,0,0,4,0,3,0,0
aZ90qrU6kB3DzFwTVb7o,24,70137,0,261,99,0,740,0,0,0,0,0,0
aZKEkJF7CQtNSDf64d0P,25,10340,0,68,73744,0,1040,0,0,0,0,0,0
AM9IXU1wJ5PHfNqoVyxa,0,8655,0,305,25288,0,1118878,0,0,0,0,0,0
b28VuAYhaez0lDPtc6kT,22,3376,0,3,28260,0,16913,3,3,0,0,0,0
B7yT9jiIw8OkC3SMlRAF,25,21161,0,241,3557,0,16866,0,3,0,3,0,0
92xGBknJqLXYFcgUmjVl,0,6439,0,660,4370,0,3830438,0,0,0,0,0,0
B8JrNPWkKaxyn5ci1qYb,26,13647,0,346,343,0,0,0,6,0,3,0,0
b9PJ5cCeBG6NOymu3pfX,26,10229,0,206,4600,92,0,0,3,0,0,0,0
b6ZsxrcU9oTlziSwDGVI,22,2995,0,3,27492,0,76816,3,3,0,0,0,0
B3F57b1RXv8cuGZifynU,24,69928,0,288,856,0,1491,0,0,0,0,0,0
bakvuMgD2Xfh7JOTKQwm,24,36479,0,967,2109,0,15511,0,12,0,3,0,0
bAPu2lGC9t5NF0EvZU7H,23,2047,0,223,504,0,0,0,13,0,0,0,0
bB4ZncTErxm083fAs5HL,26,2621,0,178,1051,0,2004,0,3,0,0,0,0
AVG9IvBRfaEbZn1DhSNp,27,468907,0,3579,11489,0,0,0,3,0,3,0,0
B5YUlVtdxFgkTM7mN9Sh,21,12283,0,0,244707,0,0,0,0,0,0,0,0
banLTf3rYzPjOMK1osqd,22,3181,0,3,30823,0,96272,3,3,0,0,0,0
BCw58jIVumFW43RExqJk,26,1469,0,0,1041,0,1455,0,3,33,0,0,0
B9Er5flSnY8GPoFJb7vz,24,27505,0,3302,162973,0,5054,0,0,0,0,0,0
BdonVvH3SC2IFgc6NQTh,26,1303,0,0,1041,0,1462,0,3,33,0,0,0
BDpyWqHITz950E3Q8Mf6,24,0,0,254,0,0,0,0,3,0,3,0,0
AXvM7mlBfJ8eHVDcspNz,38,397655,0,845,67581,0,187505,0,3,529,3,0,0
baFEBY4n92ZshpjgdGTc,23,80611,0,871,138439,0,5276,0,3,0,3,0,0
bBDUkAtQcTxhiGXo1N67,0,6792,0,619,25417,0,26395,0,0,0,0,0,0
BEDxazQfwP7s615Vdvpi,26,1488,0,0,1041,0,1470,0,3,33,0,0,0
BeSFz3OshNn8uwGKUCTx,39,2018,0,140,1043,0,222,0,3,0,0,0,0
bDHk4ziTdugcp7jAZlE5,24,19761,0,1083,153490,0,1676,0,0,0,0,0,0
bfcBD4vaOtUJG6K5imqx,24,0,0,165,11795,0,0,0,0,0,0,0,0
bfkwFMeNh1t5dCjuyROK,31,1822,0,123,1045,0,221,0,3,0,0,0,0
aYOGVixvL1rIfUSjBtQq,38,3482,0,125,783912,0,601,0,0,0,0,0,0
beDosHq791jFfRElVdmi,24,10664,0,1246,168607,0,1889,0,0,0,3,0,0
bghZNsw5nk9KBIJ7F1iA,25,1150,0,0,1039,0,1469,0,0,0,0,0,0
BGpm6FzEHcn5SujJikwy,26,8638,0,206,4600,92,0,0,3,0,0,0,0
BFIzDn0r5aKum4ibGtHP,24,47002,0,481,6889,0,12485,0,3,0,0,0,0
BH56lpgQn32eUyJDFImv,26,8636,0,206,4600,92,0,0,3,0,0,0,0
bcPYJlirNt5k8ye90UOE,0,129688,0,637,25290,0,24531,0,0,0,0,0,0
ArX2JQ5sNDhb0lyMoqu6,23,20206,0,1939,1375390,0,3005,0,0,0,0,0,0
BhQ38lHiDYTZUVbyonKF,27,23839,0,620,3330,0,6734,0,3,0,3,0,0
bIC9f4xQYOm3SMpvgtWD,25,3347,0,374,0,0,39544,0,3,0,3,0,0
Bgd518FpSGfwvekMYxUR,23,25231,0,2122,165768,0,3530,0,0,0,0,0,0
bIta6uiP0gS4lNLhKFGM,26,10465,0,240,807,0,751,0,0,0,0,0,0
bI3lF0LxVd69TQoWM5jr,24,19433,0,1152,154539,0,1733,0,0,0,0,0,0
biR27No0uO3zlPjqGfJw,24,63257,0,267,529,0,1374,0,0,0,0,0,0
Bgqr8AmHC7WFak9cX0fL,0,133376,0,337,26548,0,52991,0,0,0,0,0,0
BIoAC51ZjKvwlkWcigzs,24,10514,0,987,161956,0,1477,0,0,0,3,0,0
bj1D4GtRqlJwX9ypBE2g,24,16899,0,362,11401,0,569,0,0,0,0,0,0
bJvcld8YQ9OxDAnwtSfp,25,1545,0,0,1039,0,1455,0,3,33,0,0,0
bFwlXdoNrsPiWEkZBOva,28,15192,0,337,412,0,405075,0,3,0,3,0,0
BKt5UQleYWvJrx4N9R62,25,3780,0,253,12306,0,6816,0,3,0,3,0,0
BlFYTKkD0S9Ox5vU84X2,26,1461,0,0,1040,0,1463,0,3,33,0,0,0
BjrkNJeI9HMb5lOgpC26,24,621,0,113,67090,0,332,0,0,0,0,0,0
BkI0DfGqsHhejTp3v1RP,23,0,0,3619,0,0,0,0,3,0,3,0,0
Bm1lbzD7fUOh8soCgRjV,24,0,0,248,0,0,0,0,3,0,3,0,0
BlHZ9E0sqgPcLaK1nVCt,24,1393,0,117,67088,0,21356,0,3,0,0,0,0
bMK0Xukv9xUAi2QSGJ6Z,25,992,0,184,1023,0,219,0,3,0,0,0,0
AW0VsbwKSIHgXBZupjGP,24,14073,0,959,1452156,0,1399,0,0,0,0,0,0
BM4bG5xEwohipXWTKt3U,27,0,0,176,0,0,26,0,3,19,3,0,0
bMyP6iXzCaWhKGVZFqnl,26,1483,0,0,1041,0,1470,0,3,33,0,0,0
bMZdDnzxyquvFwS8J6KI,26,1281,0,0,1041,0,1459,0,3,33,0,0,0
BMjeIFGzP6U7qpW8YAHC,26,8669,0,206,4600,92,0,0,3,0,0,0,0
bnpVUwhFmjOAvQoL4ulx,26,1288,0,0,1041,0,1462,0,3,33,0,0,0
bN3kfMQKxw5iLAydtaEZ,24,9391,0,264,152,0,1210,0,0,0,0,0,0
BJxWKlM3u74OAEkSoysr,24,11605,0,1001,149698,0,1599,0,0,0,3,0,0
Bn3MOp6gHdfLz8PboiJA,23,10453,0,208,10835,7164,0,0,3,0,0,0,0
BOeTymAhdfoYM23aj5Xr,26,8661,0,206,4600,92,0,0,3,0,0,0,0
BiYN91OHbgmVJnjuDyGk,25,323,0,106,263696,0,22374,0,3,0,0,0,0
BP1r4aHtfY2evFbukXZL,43,1944,0,149,1018,0,215,0,3,0,0,0,0
BPecs2CSaTIjW3ExVlyz,25,1357,0,0,1039,0,1469,0,3,0,0,0,0
bPdakDAsN2lrf7XFtxmM,25,1708,0,157,119,0,417,0,3,0,3,0,0
BdZYrUSpnXvyITwgOi4H,42,394278,0,847,64603,0,185637,0,3,529,3,0,0
BPx5vIDXAmLkOiR1Ec3e,26,8356,0,147,9831,7164,0,0,3,0,0,0,0
BqMf1a4lXre5iLzPZh7j,25,11263,0,356,2587,0,4255,0,3,0,3,0,0
bpVDY17A6qN8IiHZyBmo,26,29002,0,313,7013,0,6611,0,13,0,3,0,0
bQoNdlu0zvWihMaDkZ64,28,1691,0,126,1028,0,214,0,3,0,0,0,0
bQZP8pT9VRCnk0OM2Etu,28,10786,0,150,45,50,625,6,3,0,3,0,0
BoQniFqe8vAE19rXDy6L,24,0,0,253,0,0,0,0,3,0,3,0,0
bQVJ7HpnSC01EI4PNzwy,27,0,0,256,0,0,26,0,3,19,3,0,0
BrjnTVGRdhciKsH9Ytxo,21,1776,0,246,19,0,0,0,13,0,0,0,0
bqdDVk28tEPlRyvALWuw,23,63082,0,702,7241,0,10008,0,3,0,0,0,0
BRcPd4zStO9XVsnayUYw,28,10798,0,156,45,50,558,6,3,0,3,0,0
bDuyza0fBOtQlPNFHnAJ,26,4668,0,368,360415,17,0,0,0,0,0,0,0
BmMDeyRaJzQ39WPK2VIs,0,8209,0,593,25417,0,26274,0,0,0,0,0,0
BP1nuwOygHtXK57Ymdb6,24,9797,0,434,165350,0,517,0,0,0,0,0,0
bSKx5RYr13dPteiJFgmU,26,1449,0,0,1041,0,1471,0,3,33,0,0,0
BShUIfCj1Z8recsNWYT6,24,0,0,4131,0,0,0,0,3,0,3,0,0
Br5kJPaoUAEHjGcINVtS,27,0,0,264,0,0,26,0,3,19,3,0,0
BRkJYSwtpVQZ1fj76h8U,27,105996,0,0,2347,0,0,0,5,0,3,0,0
buhAOQaykEJtsIZoWjBp,32,1712,0,129,1044,0,217,0,3,0,0,0,0
buqKNv0RSThA9sF51MZe,25,1165,0,0,1039,0,1469,0,3,0,0,0,0
BVSv2EQDiNfR4OxL60l5,22,3841,0,3,28009,0,17937,3,3,0,0,0,0
btnjxGM0mzXWZOys5N2r,24,70786,0,223,792,0,956,0,0,0,0,0,0
BvU3AbFVu1awtI9QGzhR,26,10208,0,245,6331,0,0,0,3,0,0,0,0
Bu4azJQyljTOX3hCn2AN,24,26607,0,949,162886,0,1426,0,0,0,0,0,0
BXKmeITqa7cfsyYEdpFS,22,2111,0,140,1027,0,223,0,3,0,0,0,0
bXWLaKzxlviEY1Gt7cjw,21,1415,0,186,1031,0,218,0,3,0,0,0,0
bxdM9LUoRTGO4lvaAmPt,24,0,0,253,0,0,0,0,0,0,3,0,0
bzmIweixPWfjVQXhO3r4,26,13409,0,3,74257,0,1040,3,0,0,0,0,0
AP1FktpMolXv5yEwsKSJ,0,4348,0,567,3850,0,2471932,0,0,0,0,0,0
C1OlcN2H8W0YATqZxipn,25,10177,0,272,78,0,0,0,5,0,3,0,0
c2WbVqndpY9mhHXgRTti,24,0,0,3618,0,0,0,0,0,0,3,0,0
c3Lx2VdawPgOrFQK7ElZ,26,9351,0,206,4600,92,0,0,3,0,0,0,0
Bzyp1k9xuJK3nWLsPCSa,21,1866,0,171,141549,0,403,0,3,0,0,0,0
Ax7iuDgF38YaQMmX9wVG,0,4311,0,330,25394,0,2432887,0,0,0,0,0,0
Bm1b7W65puvrLdECVkay,44,3186,0,124,783891,0,597,0,0,0,0,0,0
c3VKWJoONyqtu94YeGBP,24,0,0,3107,0,0,0,0,3,0,3,0,0
C3UeqDSpcyuTg0WsGvZR,24,2055,0,108,67088,0,22075,0,3,0,0,0,0
c6aJtveQr9l5gsinVXRY,25,1339,0,0,1039,0,1457,0,3,33,0,0,0
BC9hzqbTa0OIsePYiND6,22,25603,0,1179,1400841,0,1777,0,0,0,0,0,0
C7zrE8PH5XKtM4n0uYkT,26,1479,0,0,1041,0,1462,0,3,33,0,0,0
C6pcTZjgKOMtB0iREaSe,27,11004,0,54,16410,0,1487,0,3,0,3,0,0
bRoM4EpjukSGXwAlZ6zn,0,0,0,0,0,0,0,0,0,0,0,0,0
C9v4X6YHwZkNh0GmUiTM,30,1680,0,129,1044,0,217,0,3,0,0,0,0
C8gwzSJAW9vquQ1pnLEf,24,17250,0,193,21067,0,318,0,0,0,0,0,0
C4VIpEJ5KlvuetjhLdX3,25,41997,14629,13270,0,0,0,0,0,0,0,0,0
caL7sn2qd4JwxlrpR0BP,25,1356,0,0,1039,0,1469,0,3,0,0,0,0
C9hHuINUVJqk1zo5pTQX,24,112092,0,492,19345,0,32828,0,3,0,3,0,0
brNWoe6SZBdJPw83YAuj,0,9983,0,293,736100,0,29371,0,0,0,0,0,0
C6Zatxj5GlUqs2L0HPOn,24,1548,0,130,263696,0,21225,0,3,0,0,0,0
cCbg46N90ykYJxqK3tdF,24,5521,0,85,12322,0,19535,0,3,0,3,0,0
cDa5BKpzw9GqnArQfZ1L,26,1306,0,0,1041,0,1462,0,3,33,0,0,0
CdBnaqstfPMA9NXroOJh,21,32516,0,352,2193,0,3277,0,5,0,3,0,0
cAONsUkT1g9aEwBKXvxo,0,114614,0,329,26530,0,52853,0,0,0,0,0,0
cATwxq4GrYsZpWg3oOfk,24,103885,0,1083,7576,0,17965,0,3,0,3,0,0
c5spxZQXILnKO2ywiNSB,0,5319,0,304,446488,0,8666,0,0,0,0,0,0
ceyIk4f0BRUiar5bLJ8l,30,1769,0,0,1050,0,1497,0,3,0,0,0,0
cEBAiJxOMukDCGoQXvqn,24,13302,0,288,475,0,800,0,0,0,0,0,0
CfSF2urLkdAX6MbzQiIa,25,0,0,31,0,0,0,0,0,0,0,0,0
CEfkRZXa14zAWG9Duqvc,22,2500,0,3,26761,0,55313,3,3,0,0,0,0
cGNfA8C9wh1R5grDKQjX,25,56401,0,269,8541,0,3223,0,3,0,3,0,0
CDFibvHczSl9akfOEBwo,21,1937,0,171,145645,0,383,0,3,0,0,0,0
cHnxoFJRgXl4GSMD6bLU,24,5831,0,288,311,0,774,0,5,0,3,0,0
C1Dr4KzRJ2pN0jqG8lAI,26,4395,0,360,360458,17,0,0,0,0,0,0,0
Ce6ZVRzOT907NYXBqD4r,24,72735,0,242,812,0,1389,0,0,0,0,0,0
ci6Su0WdoDLIG5vnJhay,27,0,0,110,0,0,26,0,3,21,3,0,0
CAeHqYZwpdarUOm0D2tG,23,18404,0,147,312846,17,0,0,3,0,0,0,0
cikBKN2eQY8WXfCHvnI7,34,1782,0,123,1056,0,220,0,3,0,0,0,0
brsxDiLaBgj315Emol4K,25,391396,0,874,85766,0,653777,0,3,0,3,0,0
chVqtrzIORSJkCwu2KfQ,21,684,0,173,163206,0,0,0,0,0,3,0,0
cKFOX08ZxoVbayIReAvg,24,9946,0,248,698,0,698,0,0,0,0,0,0
CKrbqFAcTZ76hV0sz1jR,25,1112,0,107,73,0,378,0,3,0,3,0,0
cL0AkjRPF3NndlTDxe1g,25,1156,0,0,1039,0,1469,0,0,0,0,0,0
BvWnd3XlLYb1QGAyP6Zf,26,15283,0,392,1155649,0,499,0,0,0,0,0,0
Cgq3TizwBXpnk7b8a5Qs,0,7065,0,687,25180,0,26367,0,0,0,0,0,0
ckaHuew6QN1dhb07q2V3,22,2877,0,3,31876,0,55313,3,3,0,0,0,0
CLJUMfrb1jF4VliXSuTB,27,0,0,110,0,0,26,0,3,19,3,0,0
clCOkQxvBKzwWaPZ5RSH,27,0,0,110,0,0,26,0,3,19,3,0,0
cl0W7xzTAYj9CEXJkS8Z,26,0,0,251,0,0,0,0,3,0,3,0,0
cmB0E9b6iIOMK8kU3nrg,40,1961,0,140,1048,0,222,0,3,0,0,0,0
CL7wiUdlhOvgaJesfrmW,24,70568,0,233,700,0,603,0,0,0,0,0,0
CJR6XzFHGUfeDMsh8xQk,22,8394,0,3,30309,0,262672,3,3,0,0,0,0
CMKpr6JYU4Rw50XBDHVO,26,8522,0,245,6331,0,0,0,3,0,0,0,0
cMF56QT2zH7t1KpfAy8e,24,13406,0,275,859,0,1499,0,0,0,0,0,0
cmWUeA4FBR9laODHVhd2,26,8787,0,206,4600,92,0,0,3,0,0,0,0
CNKfaU6TP8kg2mnHh5SD,26,1324,0,145,1039,0,255,0,3,0,0,0,0
cNqPy69uQHgF3DOU14G7,43,1929,0,152,1024,0,214,0,3,0,0,0,0
cM2qiXmpHhuag3r1RUIe,22,3090,0,3,32949,0,55313,3,3,0,0,0,0
Cocz51rsXakGETheDUbH,23,1406,0,186,1033,0,218,0,3,0,0,0,0
CIJ1f70KSNDz8ZyoRFEH,0,126749,0,678,25022,0,24563,0,0,0,0,0,0
CofyHkdmFVtYO5KWJn46,26,9789,0,206,4600,92,0,0,3,0,0,0,0
cOhKH3t2zyUwRFNVQfs6,26,8706,0,206,4600,92,0,0,3,0,0,0,0
chOj57nWgbIe12SiJUFm,24,38555,0,974,31668,0,301680,0,3,0,3,0,0
cOGaJdDyevIn7XBouj5U,26,8644,0,147,9831,7164,0,0,3,0,0,0,0
CM0B6DmviQhWLzTuHRnV,22,13041,0,434,142172,0,633,0,0,0,0,0,0
CoRKPEY5OTu7B0NUgAvQ,28,11196,0,164,45,50,820,6,3,0,3,0,0
cpdsREmet3FyD1oYZVIn,40,2015,0,144,1044,0,222,0,3,0,0,0,0
cPo7FESsJQvVNqmaOiIY,26,10050,0,206,4600,92,0,0,3,0,0,0,0
CjRMQY0S6LdUWNGaExPJ,24,34673,0,614,103890,0,291050,0,3,0,3,0,0
cOKeokjEfm24N0u3wh19,25,23390,0,129,4013,0,0,0,3,0,0,0,0
CO3Nm5IQgVl02ATRZiWo,24,63823,0,272,467,0,714,0,0,0,0,0,0
CQwNADZxFXBh9fUlOuao,25,5382,0,401,76,0,0,0,5,0,3,0,0
cN908Z6lWsCeQT5U2Kvh,0,130074,0,509,6673,0,21340,0,0,0,0,0,0
cqGxW3T4aujrSBlIEzX9,26,14443,0,236,3537,0,2314,0,3,0,3,0,0
CrEMlOGaB6feRx3J20iP,38,1969,0,143,1050,0,222,0,3,0,0,0,0
cARj7FrG15WHEQikbmBU,0,13838,0,395,842353,0,39681,0,0,0,0,0,0
CRYTnotb5J4qHfviU2DS,22,13617,0,3,73744,0,1040,3,0,0,0,0,0
cSEgrupo7tj9hLIb54PX,25,34140,0,479,962,0,0,0,5,0,3,0,0
bpIA0CvVdmQcEB2oisqj,0,5452,0,311,1661607,0,8590,0,0,0,0,0,0
CSrozOlLw7i4FR5hbaEn,24,10232,0,240,282,0,1368,0,0,0,0,0,0
CtGcyhMJk3wNe9BU08LY,26,8821,0,206,4600,92,0,0,3,0,0,0,0
COntTlwPvaG3p4hMSJqI,0,96041,0,636,24343,0,27727,0,0,0,0,0,0
cudBgeQFL8z4prNGIsXH,42,2009,0,148,1006,0,214,0,3,0,0,0,0
CUw6LiRTAg0ZVM8X4p3P,25,1347,0,0,1040,0,1469,0,3,0,0,0,0
cTZaQl81E3qRPifYNIhD,24,11876,0,256,312,0,754,0,0,0,0,0,0
cquHZ28hReUoI4aJGKin,22,3808,0,3,27799,0,262672,3,3,0,0,0,0
craPXWx5M90jq1smZoKA,24,2224,0,105,263696,0,20312,0,3,0,0,0,0
cXp7BCts2QybOiNEwHzY,43,1985,0,139,1039,0,222,0,3,0,0,0,0
Cvi1y2efF0AhORZ75uNK,26,8690,0,206,4600,92,0,0,3,0,0,0,0
cYIil3ZrukB1pV8Uzo2w,26,24949,0,516,2377,0,10508,0,3,0,3,0,0
cPBMG2HuL1CaNgbSE8iw,0,135964,0,333,26244,0,53353,0,0,0,0,0,0
CZvcR8GBrn5JIPdtqz1Y,30,2150,0,0,1045,0,1496,0,3,0,0,0,0
d0jkP2OD83C4AmzKtE9g,26,1302,0,0,1041,0,1458,0,3,33,0,0,0
D0NQOcIT94lrkWxzyaP6,24,10872,0,237,407,0,534,0,0,0,0,0,0
cwWFfNAeLChbKD9mRd2u,24,68916,0,286,286,0,841,0,0,0,0,0,0
czJZ9CWIe8B5T1lNXhMf,26,97535,0,1056,14898,453,696,255,3,0,3,0,0
D2TGLaizwXHf3YjNJ1pv,22,3279,0,3,26513,0,16913,3,3,0,0,0,0
chkETq1lKwMJ0SWr6z7m,0,11035,0,324,25333,0,1025116,0,0,0,0,0,0
cRsXVg26e15oik7JNjE9,24,36331,0,1157,184748,0,215561,0,3,0,3,0,0
d23SxiTo1GahFwm4tKQz,24,13688,0,1345,165638,0,2018,0,0,0,0,0,0
CZERL3GtjlXBSK2QidO6,24,303,0,108,263696,0,15198,0,3,0,0,0,0
d2NmrintQ1WvMlfRGZ4I,24,18510,0,1397,170474,0,2067,0,0,0,0,0,0
btk1Yfq0glZevm2dPRsL,0,5493,0,651,4399,0,2597659,0,0,0,0,0,0
D34oHsTMkn7vaOWFQUy8,24,0,0,253,0,0,0,0,3,0,3,0,0
D3jQCuyHtAEkisVxw7Wd,29,0,0,110,0,0,26,0,3,19,3,0,0
d5GCPxQuly4m6hEn0gqk,31,15595,0,466,1734,0,0,0,3,0,3,0,0
D3n6SdQlaemK42C9gfR0,24,0,0,253,0,0,0,0,3,0,3,0,0
d6D27zlaQs4EWPKkVHvB,26,9678,0,206,4600,92,0,0,3,0,0,0,0
D5gTOIGAk81460VUqlye,29,0,0,110,0,0,26,0,3,19,3,0,0
d7czUVqJApx6WEj4ownT,24,0,0,178,0,0,0,0,3,0,3,0,0
DAa96Hpgn1Qfjd2mFCrE,24,1214,0,143,1025,0,222,0,3,0,0,0,0
d2xiVKZe4JTgBQSkOntW,24,572,0,130,262672,0,383,0,3,0,0,0,0
d5ki60fcbqeH3SvZzpoB,23,28272,0,429,23057,0,0,0,3,0,0,0,0
dAuV8c0hmeirMFaJ3wXx,41,2007,0,140,1043,0,222,0,3,0,0,0,0
DbAU9EVq0yd2C5cw1ihM,25,1362,0,0,1039,0,1469,0,3,0,0,0,0
DB8EFIgyArxWuPN2jXMf,27,1809,0,0,1062,0,1497,0,3,0,0,0,0
dBGtYCewZ8IpWsUmyNQV,26,1306,0,0,1041,0,1471,0,3,33,0,0,0
cqZbg3S1xV7vfUCudmks,0,14026,0,442,30548,0,880276,0,0,0,0,0,0
dEabFQq0yznt5eID378R,26,1464,0,0,1041,0,1455,0,3,33,0,0,0
DClx6p7OIkUwVmNYajhB,24,12803,0,1043,177476,0,1580,0,0,0,3,0,0
dEeZWOx1rz8VsJ94BuPg,24,0,0,253,0,0,0,0,3,0,3,0,0
DeHCJiGlVcRg1E7j28hf,24,69573,0,308,896,0,743,0,0,0,0,0,0
DfSa4jlAyFPkXQpTbUoY,25,1774,0,250,560,0,0,0,3,0,0,0,0
d7Zghj1V46fQUYuSc0kl,0,6891,0,488,4450,0,7247,0,0,0,0,0,0
d4ABW7XyvPzItZuoQ6MT,24,36244,0,727,92578,0,296969,0,3,0,3,0,0
dg1AyKiHqjFwVOln4sLa,26,8655,0,206,4600,92,0,0,3,0,0,0,0
DGmbwEzu381CyXgAMB2q,28,1780,0,0,1062,0,1497,0,3,0,0,0,0
CZ2gJmqpoi0PuKQnxfHw,26,4615,0,342,361987,17,0,0,0,0,0,0,0
D5mrsLY0P2V1UIXujgES,24,166816,0,323,3395,0,261431,0,14,0,3,0,0
dHjMq0s9tDrBS6Fp7TuI,25,39520,0,874,1005,0,0,0,4,0,3,0,0
Demi6hbq8HKwS5PJkjL9,0,134099,0,686,25771,0,28036,0,0,0,0,0,0
DFswkTNWm6lStz1h0Mup,0,118693,0,519,6673,0,21322,0,0,0,0,0,0
dI89k371NKgURwFqsOBy,24,11658,0,262,577,0,901,0,0,0,0,0,0
dhS5TXjYM0yLufrw3xgo,26,83806,0,619,5082,0,18950,0,3,0,3,0,0
DibnkXflY49wcOpo7vyK,24,0,0,253,0,0,0,0,3,0,3,0,0
DcgUNdMzXlah1kbxiYtv,23,17821,0,131,312840,17,0,0,3,0,0,0,0
dJVXOqTuk80ZWBleDc2Q,25,11295,0,264,12306,0,17728,0,3,0,0,0,0
dJ326HRzYfn0DZIPhjMv,25,5053,0,400,51725,17,0,0,0,0,0,0,0
dKem7Eif3McSwNx4CXvs,40,1970,0,144,997,0,215,0,3,0,0,0,0
dj7GfVSTmo3Hkv46Wiah,22,12556,0,3,73744,0,1040,3,0,0,0,0,0
dk4HiPSRzsfbBGVMqNac,26,9736,0,245,6331,0,0,0,3,0,0,0,0
DKs0lpax9nB8gS3XRuEb,26,1469,0,0,1041,0,1471,0,3,33,0,0,0
dKt4HhezElT2nBIP6c5F,25,2579,0,140,1051,0,2004,0,3,0,0,0,0
DAr5hm7i84gJzEWTUoeG,27,2336,0,118,783370,0,666,0,0,0,0,0,0
dlDuzi87p9eAZtUE4w2G,26,8818,0,206,4600,92,0,0,3,0,0,0,0
dLKYot9Ix2Bib1DZerGg,26,1298,0,0,1041,0,1470,0,3,33,0,0,0
dLU5WbCiGERMHjS20spY,24,28006,0,353,4136,0,10402,0,3,0,3,0,0
dLuN50yiH4k7ztKnZDjS,24,0,0,253,0,0,0,0,3,0,3,0,0
dlWuKQ8saoCgw0ISYPjB,26,8940,0,206,4600,92,0,0,3,0,0,0,0
dLUoZ03Xqh5PKMyflOBj,29,9942,0,110,16454,0,4634,0,3,0,3,0,0
DlWyNoHdb1jAeGCOsaVU,26,1462,0,0,1041,0,1462,0,3,33,0,0,0
DMtdk84SP10RYjaZEUxz,24,846,0,103,17426,0,1236,0,0,0,0,0,0
dMVkBwLu3SRhqrIy7Nop,25,5914,0,35,1956,0,0,0,3,0,3,0,0
DNBtPALuVrzM0Cd3mwcl,24,0,0,248,0,0,0,0,3,0,3,0,0
Dl76jatFczZmsKedJ1TR,0,109809,0,694,24929,0,24577,0,0,0,0,0,0
Do9QfaXw52dYzcFipUeq,26,3065,0,483,4143,0,23656,0,3,0,3,0,0
dOc4AD20ltIzKYHCPNFS,26,1477,0,0,1041,0,1459,0,3,33,0,0,0
DmCaN6PGnJpsWuMcKo8t,24,100345,0,1115,978,0,37752,0,3,0,3,0,0
DaL5EU7cJxGbqos4Tukv,0,13955,0,419,30541,0,880369,0,0,0,0,0,0
DnJFtCH7gTMIvWYlAxcN,24,69385,0,198,440,0,412,0,0,0,0,0,0
dONo5qIgbC4PZ9yW6QSl,26,5340,0,137,20553,0,13876,0,3,0,3,0,0
DpNvYX1qedHLiQnRhF98,26,1337,0,145,1040,0,255,0,3,0,0,0,0
DohL5RXbrCuUNZtM28x7,25,1531,0,172,99397,0,385,0,1813,0,0,0,0
dQ5kFDwP4ByqU3tnLTZf,21,0,0,3,0,0,0,0,6,0,0,0,0
cyuBTQ0SUwpF3jfPeLiI,0,4973,0,336,3803,0,1755106,0,0,0,0,0,0
cRVOyGEn15HNAJClPU0X,0,4242,0,354,25332,0,2037371,0,0,0,0,0,0
dQbqMtOsVYrWDIvh8k2S,24,12052,0,246,338,0,474,0,0,0,0,0,0
DQ6WlKRIEGM4BF9se1zg,24,0,0,248,0,0,0,0,3,0,3,0,0
dqXuSezv3IJWonmGFUAp,25,6961,0,291,50332,0,1399,0,0,0,3,0,0
DPE5t3oT6Uu9mZIHNlKh,21,1866,0,171,141549,0,402,0,3,0,0,0,0
DQJfl0CT3gvt8pbMqHyX,22,12418,0,3,65552,0,1040,3,0,0,0,0,0
dkKpMxca0OQmUTFq7VyD,24,32610,0,634,164273,0,276489,0,3,0,3,0,0
DR3eyfHBIJgK08krA1CT,22,14816,0,3,73744,0,1040,3,0,0,0,0,0
Dri7s2veJT4hj0R3aHkf,25,3019,0,3,28753,0,95760,3,3,0,0,0,0
DJ1XTklKAM6d2YfigaQb,38,3297,0,126,783900,0,592,0,3,0,0,0,0
dRYGQSA8TrmIPtabWNeu,24,11004,0,250,547,0,1008,0,0,0,0,0,0
dp4u8GQi5gJTHYl2PsNq,0,6419,0,479,4397,0,7082,0,0,0,0,0,0
DtHRwmIsBecONYMWh836,26,1485,0,0,1041,0,1462,0,3,33,0,0,0
DSWecTduKPtZNQoVR8qh,22,3065,0,3,20719,0,16913,3,3,0,0,0,0
Di0ceNElhvZrdMRgbyYX,0,4317,0,528,650074,0,0,0,0,0,0,0,0
du6hbLIPwW2aGYZkNRQV,26,1154,0,145,1039,0,255,0,3,0,0,0,0
DrNO6fVRJLoqYK4Bkdy0,24,60932,0,270,620,0,835,0,0,0,0,0,0
DuejROmZzVTIyQi1rAF9,25,56785,0,650,4525,0,0,0,5,0,3,0,0
DvdM5Zpx96qKuN3cAt1y,24,0,0,253,0,0,0,0,3,0,3,0,0
DwOFyEfhlGeMU2q0vbZa,26,1164,0,145,1039,0,255,0,3,0,0,0,0
dWR0pTQsxDn2aVoM37CB,22,1014,0,181,1023,0,219,0,3,0,0,0,0
dW7PwfxAsy8HLFn3NXtB,24,10998,0,323,604,0,1255,0,0,0,0,0,0
dxgJa5tvQFs0WNPhiI1U,24,10807,0,239,615,0,1433,0,0,0,0,0,0
dxIuyOrCZ4qhMFz9S5sX,25,3816,0,148,149,0,888,0,3,0,3,0,0
dro7GYJlVhXbT4D1SpCE,0,119221,0,338,26507,0,54367,0,0,0,0,0,0
dYkW0lBtXC5saNL1oTmR,26,1303,0,0,1041,0,1474,0,3,33,0,0,0
dYAObu2FDVoXmvTt5UjG,22,3250,0,3,29463,0,55313,3,3,0,0,0,0
Dvs1tiIfjYZJcV0dT2rS,0,104684,0,552,25335,0,24173,0,0,0,0,0,0
DZQHOmU7IVc3KWMbzJCE,26,8478,0,147,9831,7164,0,0,3,0,0,0,0
dzV4q1iWUT3eIODcFJSx,24,8737,0,550,0,426,4112,0,3,0,0,0,0
dzValPwcOHZhJISqyp8T,25,1131,0,0,1039,0,1469,0,0,0,0,0,0
dtyLupxMfEQVX10JwvWl,0,4838,0,317,397667,0,0,0,0,0,0,0,0
e14oxuL6Cb8HO7d3zSqn,50,2174,0,125,1040,0,643,0,3,0,0,0,0
dhFnCxfamsLvkubPZyjN,26,277079,0,464,79898,0,914660,0,3,0,3,0,0
e3HSBfTA9MXzhEN2qIpL,40,2004,0,145,1009,0,214,0,3,0,0,0,0
dylV8BXRwaktCjHW1o0n,0,86387,0,527,24028,0,24267,0,0,0,0,0,0
e4TZIcugCDM50yiKWjkF,26,1297,0,0,1041,0,1471,0,3,33,0,0,0
DSd3HQnFN7iUAxbYBEju,24,19816,0,143,315921,17,0,0,3,0,0,0,0
DYifKtF806I7JjkLHZgP,0,110889,0,332,26841,0,55725,0,0,0,0,0,0
E2L74rVJjfs6qKoy50cw,26,5335,0,146,20553,0,13876,0,3,0,3,0,0
E4eSC8pqYdrkWfBOtFv5,22,3518,0,3,27929,0,76816,3,3,0,0,0,0
E7JvkZyTKF6fhWBUrosV,40,1994,0,142,1038,0,221,0,3,0,0,0,0
e79Jn3ovuIV8FLKZsEG5,29,0,0,110,0,0,26,0,3,19,3,0,0
E8hFMgxcp9DAb1qGwQtB,26,1478,0,0,1041,0,1459,0,3,33,0,0,0
e5j9ZOvH0tJ6TAg4x2WR,21,1866,0,171,141549,0,402,0,3,0,0,0,0
Eazj0IX9b3PmLoA7SHg4,42,2035,0,143,1034,0,221,0,3,0,0,0,0
DRskLvzQ13yJfr8McnwC,25,15772,0,175,456719,17,0,0,3,0,0,0,0
E5SkPYDzxpyMwtXTWZ8a,0,92182,0,631,25951,0,27824,0,0,0,0,0,0
dS6yJEktRlWQsBaIFYCp,44,3329,0,127,783912,0,591,0,3,0,0,0,0
e7FhuKwUW8LfMA2bxEDl,24,639,0,107,262674,0,311,0,0,0,0,0,0
DZjhF1wR4cWbKLMsfUQH,23,18418,0,120,323593,17,0,0,3,0,0,0,0
ECYBut7y9fqKpw2g4xed,21,4849,0,66,941,0,5274,0,4,0,3,0,0
EdruKXjgh0GO8BMPs4f1,25,1018,0,187,1025,0,220,0,3,0,0,0,0
eagtG7IQYUKLZ3qs9yTE,0,7035,0,460,4717,0,7201,0,0,0,0,0,0
Ee9al8AhjSKcZzxyRDw3,26,1276,0,0,1041,0,1471,0,3,33,0,0,0
EdT3lQiGHbzmrX2L1NgD,22,3274,0,3,29917,0,86544,3,3,0,0,0,0
Eg0QLdf5AyMFwxo1K37H,24,0,0,3618,0,0,0,0,0,0,4,0,0
EGDX0iWUK8h2jT51sFvA,23,982,0,136,1022,0,223,0,3,0,0,0,0
EgeBpshOLYbwyu0ZdrvX,23,43228,0,714,2657,0,3085,0,3,0,3,0,0
egFM4CjVl8Bz5pbN1Ux0,23,1402,0,178,1028,0,218,0,3,0,0,0,0
eCmdPkWwv7HGXZhtDFOT,24,248213,0,5389,65654,1055,0,3,4,0,3,0,0
cnf03bdvewDVXMWHFT75,0,5177,0,613,4354,0,3831521,0,0,0,0,0,0
egnhwcvsVjWONCU8t2Ju,0,0,0,0,0,0,0,0,0,0,0,0,0
eGwk8W6m4NIzsAaHvfx3,22,3520,0,3,29104,0,16913,3,3,0,0,0,0
eGMTAm0csZLI9QbJpCUY,22,3307,0,3,26288,0,262672,3,3,0,0,0,0
EgymHkwfrqWDp28M7dJe,33,4761,0,26,40455,0,29122,6,3,0,145,0,0
ECc2z9lqBrbSd4Z7uaMW,28,2100,0,119,783894,0,661,0,0,0,0,0,0
EbBqJ7rOtZ45nIlxhKfc,38,3288,0,125,783888,0,595,0,0,0,0,0,0
EI4Jgyofj8CHR0ts59Ur,25,1018,0,195,1023,0,221,0,3,0,0,0,0
eh7tKw0LaQpW2mgUAOVH,25,9930,0,42,73744,0,1040,0,0,0,0,0,0
EiD3lRHWhCw4zY9SjXVI,26,8693,0,245,6331,0,0,0,3,0,0,0,0
EJexdbnNPfwsgUp4GCQD,40,1969,0,139,1041,0,221,0,3,0,0,0,0
EhHWtoiAX4kZp3s7wVUc,23,100276,0,657,15569,0,22999,0,5,0,3,0,0
E81Gh6njYcyxT9UtPK0u,0,13800,0,427,842722,0,39704,0,0,0,0,0,0
EjLnZ7ke8hyYIqxlJXD5,26,1468,0,0,1041,0,1459,0,3,33,0,0,0
ejsbn3tEcUuJAqhpgiQx,39,2162,0,0,1055,0,1496,0,3,0,0,0,0
EKeIjqfa10JmzunTXciN,26,8738,0,206,4600,92,0,0,3,0,0,0,0
ejK1lrfCdNmypPw5suUk,24,0,0,175,0,0,0,0,3,0,3,0,0
ELuV9FA7IjKXR52NrokU,26,1306,0,0,1041,0,1462,0,3,33,0,0,0
EIhBgus4WSiDFQney0cp,0,107677,0,497,6673,0,21324,0,0,0,0,0,0
EMK2iukONroQXYWSv547,0,43745,0,496,6510,0,21306,0,0,0,0,0,0
eKRtEmTYVj5ZSNWMdcig,0,56525,0,519,6673,0,21322,0,0,0,0,0,0
e0ujNRMU2TxqD4rfAXaF,24,10731,0,385,1263415,0,592,0,0,0,0,0,0
emRjoVUvdDB3xIyhNrC8,26,1293,0,0,1041,0,1455,0,3,33,0,0,0
dHUq5yM8w0LND9PaepZY,0,5501,0,282,619,0,2489779,0,0,0,0,0,0
EmVYF0ZrIBWCGL5168XH,23,17506,0,738,4118,0,0,0,5,0,3,0,0
EKmgShQsf6a9vY0znNlU,22,3633,0,3,28935,0,96272,3,3,0,0,0,0
eoNUwRflCT6zM13r8pdV,31,1776,0,129,1035,0,217,0,3,0,0,0,0
ecFS36DyA9qlifz0NCub,0,13783,0,428,842762,0,39572,0,0,0,0,0,0
eOvS6EBmctN4K3guC15k,24,673,0,109,75794,0,320,0,0,0,0,0,0
EoVyBA2z0NjdkWlqfMQJ,22,0,0,228,0,0,0,14,6,0,3,0,0
eoAlNd32LZGSPItn6mTM,24,0,0,253,0,0,0,0,3,0,3,0,0
epLtlBgqxYo6VuTAwf2n,41,1953,0,150,1007,0,214,0,3,0,0,0,0
EIhQGg69bACYPNXBSxy5,25,102965,0,265,260886,0,93206,0,3,0,3,0,0
eoXQqrKilxvJna70cjDH,26,0,0,175,0,0,0,0,3,0,3,0,0
eNhamfpF47A0WXjSiTqk,0,148281,0,328,26709,0,52898,0,0,0,0,0,0
EpVF6whltPArouQzvC34,27,0,0,280,0,0,26,0,3,19,3,0,0
EQ9XCpb8NMh2ql6Ki4ky,27,3470,0,142,4036,0,16213,0,3,0,3,0,0
ePzxjFayC48I0Xb9kuS3,21,50896,0,1105,14978,0,13853,0,4,0,3,0,0
EOeh6tPNzBog5vQRMF0r,22,5523,0,310,353913,0,2238,0,0,0,0,0,0
eQVmTuqlHYXLJ6DBCsg5,27,0,0,251,0,0,26,0,3,19,3,0,0
eQ4LrW5UzlSIdkHJgbBp,24,1981,0,113,85520,0,20242,0,3,0,0,0,0
ers73VJzBQHoYxilUdt8,26,1371,0,145,1039,0,255,0,3,0,0,0,0
eRVLGHqrwDSMx1p8XKI9,22,13243,0,202,10178,0,355,0,4,0,3,0,0
ErYMOiwT8h3yqvfkm9Pu,22,1560,0,3,22544,0,16913,3,3,0,0,0,0
eBDOvM4fUQmy0XEhracH,0,3014,0,302,25057,0,1644579,0,0,0,0,0,0
eqMtk743YWi6Dpm2Hab1,24,71718,0,243,402,0,930,0,0,0,0,0,0
Esdc6UTuzrtxhlo4GgPm,38,1992,0,139,1044,0,221,0,3,0,0,0,0
ESoHvWkbZ4JgwzlFK6uA,38,2054,0,141,1051,0,217,0,3,0,0,0,0
Ei1t7BmK2Yh0db4QNXzL,33,3303,0,127,783910,0,595,0,0,0,0,0,0
ES1omtPjaYebMi0JvOny,0,29228,0,56,7061,0,28907,0,0,0,0,0,0
esaXkil2E04B7Y1ypNwK,24,0,0,285,0,0,0,0,3,0,3,0,0
eFK1IWckUmuM3oCAjON0,24,22876,0,1158,1391330,0,1797,0,0,0,0,0,0
EMCt7uQlGbS6kvyFiI5Y,0,10239,0,456,863064,0,39936,0,0,0,0,0,0
et8JFZUipOPKBl3DsEGo,25,41448,14786,14091,0,0,0,0,0,0,0,0,0
euLEGg3lHfAIJz9dvyqa,24,0,0,3619,0,0,0,0,3,0,3,0,0
EV47jvH9kYtBwocrbJ6N,24,1035,0,189,1034,0,220,0,3,0,0,0,0
EtGBOKD2bpQI3ZwJRPmc,24,7395,0,685,174187,0,1099,0,0,0,3,0,0
EvjemDbI86FNan4AQf2P,26,1444,0,0,1041,0,1458,0,3,33,0,0,0
EtTS3Gokxb49ghP8daVf,26,0,0,286,0,0,0,0,3,0,3,0,0
eYCKNDlUQgs6cZOuoP4j,22,1011,0,189,1020,0,219,0,3,0,0,0,0
esPBa5nQFc0qIyZ3VMhr,0,126061,0,374,25352,0,24076,0,0,0,0,0,0
eYwtJkx9a6dBz7ChZb43,29,3509,0,86,4965,0,0,0,3,0,3,0,0
eYgC0UuLPw6qThFzv3DB,26,52119,0,3126,4460,0,0,0,3,0,0,0,0
ez3yDwEmqdTGY5SMv9Z0,25,1153,0,0,1039,0,1469,0,3,0,0,0,0
EZ7FwiO2p4DCrH6SJYBT,25,1146,0,0,1039,0,1457,0,3,0,0,0,0
eTQhnbRXam27Kwqj1MUy,0,123972,0,597,25372,0,24503,0,0,0,0,0,0
EzwfYMsrq7AnU3t5hCDy,26,1511,0,0,1041,0,1471,0,3,33,0,0,0
EZGSdcyL3bCHQaFDNo7n,26,8704,0,206,4600,92,0,0,3,0,0,0,0
epR84xcmivMYAn0Nlkzh,0,13791,0,433,842786,0,39663,0,0,0,0,0,0
F1Gznj82acfQMmHNRLAE,24,85988,0,717,6262,0,0,0,3,0,0,0,0
F1nhXPej7m8KOUtGTVRk,26,1298,0,0,1041,0,1462,0,3,33,0,0,0
f0NLCiRGpDTU3dlZmSEs,24,15989,0,982,180761,0,1494,0,0,0,0,0,0
f3I8LNGxFnEV6gd9iJSr,26,8591,0,206,4600,92,0,0,3,0,0,0,0
eoZu6jSFvrDBVUIWdHiz,26,15283,0,392,1155401,0,499,0,0,0,0,0,0
f3QCengcsa0o7KlZyX1r,24,652,0,109,85520,0,320,0,3,0,0,0,0
f1oeHaTRizBkKXEnLGcF,23,74888,0,905,16563,0,6861,0,10,0,0,0,0
F5nJCOIi49ZHxkAY2bBz,23,71940,0,303,21636,0,4272,0,5,0,3,0,0
f4jUEqOubyIYo3Fa0PVC,0,8977,0,618,25699,0,26464,0,0,0,0,0,0
F1BvgrkuXq6zEfUsHAVG,27,349913,0,555,14534,0,134807,0,12,0,3,0,0
f6OSXzVv5aDQPjGYrEA0,25,1178,0,0,1039,0,1457,0,3,0,0,0,0
f7FStL5cPTXbQkoZDduC,26,1299,0,0,1041,0,1458,0,3,33,0,0,0
EWhzrqv2D3kBYb6SKpUl,35,3577,0,124,783912,0,666,0,0,0,0,0,0
f7L3tzZJEbS52NTgoX9l,25,30182,0,260,8207,0,0,0,3,0,3,0,0
EUsYBObJ58dXKutacDx7,51,3615,0,126,783911,0,666,0,0,0,0,0,0
f8NM0viCIaxQbBG1c7rh,25,1356,0,0,1039,0,1456,0,3,33,0,0,0
FaKJdlpSU10sgw7jmQhe,24,426,0,130,85520,0,15749,0,3,0,0,0,0
F8CeVXzxLhnjo0BHATPZ,26,0,0,251,0,0,0,0,3,0,3,0,0
FBJC0htji5egyV1RPnHS,25,2634,0,178,1043,0,2004,0,3,0,0,0,0
FAVY3yOcIPEk4BdqXgr1,26,8713,0,230,6738,92,0,0,3,0,0,0,0
fC4O8EsYumjHKJlRyPno,26,8755,0,206,4600,92,0,0,3,0,0,0,0
ErCJD5UsMNpP3oVQk41z,0,2995,0,299,24885,0,1717522,0,0,0,0,0,0
EVb2miqJLBj4kTlfzwvS,26,15921,0,959,12288,0,1386,0,0,0,0,0,0
fbvWPV2U0xQ3TpqohAFy,24,583,0,130,76816,0,18757,0,3,0,0,0,0
FDHjobQnCUSs6atXldJL,26,1476,0,0,1041,0,1459,0,3,33,0,0,0
f4BqH0J1xLkYKI3TEQWm,0,0,0,0,0,0,0,0,0,0,0,0,0
F5seRNPKIpdXGfZCzVcq,24,19064,0,136,311822,17,0,0,3,0,0,0,0
fcId81lTeFim0jMzXo6R,24,71841,0,285,387,0,1298,0,0,0,0,0,0
ENoPT31Z0auA9MOIVrkv,0,3056,0,315,24965,0,2428056,0,0,0,0,0,0
fe9snrXGxKw1L28tDpRv,0,43745,0,496,6510,0,21306,0,0,0,0,0,0
DT2t5JMrWnp3gmuhLBc8,0,5316,0,615,4440,0,3835204,0,0,0,0,0,0
fEnNJU3pLTbSOeFxaQ0z,26,21375,0,259,6145,0,3847,0,3,0,3,0,0
FfvCzj8YXUbDsLVARQmG,43,1996,0,156,987,0,215,0,3,0,0,0,0
FfmsbQcv6V3rGdDLBNXM,22,3157,0,3,29150,0,16913,3,3,0,0,0,0
erlwZD3QgycGvFXsMpPd,0,10145,0,494,1565387,0,27580,0,0,0,0,0,0
Fe4yEv8HmfLTBQuigKC6,24,70785,0,215,419,0,1175,0,0,0,0,0,0
FHMwlc0VNIkOTe54UEJL,26,8731,0,206,4600,92,0,0,3,0,0,0,0
FhLibeNQqV4O8acZvtJ7,26,8750,0,206,4600,92,0,0,3,0,0,0,0
Fi4uPsNg2TcG95h7JR0d,26,9601,0,147,9831,7164,0,0,3,0,0,0,0
FIc3eX7mViuBPKTAlCr0,28,16413,0,197,45,49,1152,6,3,0,3,0,0
fipEGw4uPW2cTnos7vrM,25,10338,0,229,3219,0,2154,0,3,0,3,0,0
fejvONdZz12cthT8xKlo,24,70614,0,325,572,0,649,0,0,0,0,0,0
fiwJGn6gUtXlk1NZoFAS,26,8842,0,206,4600,92,0,0,3,0,0,0,0
fi4BrAl2QgjNsaubUJSE,27,93909,0,1192,16444,0,11733,0,3,0,0,0,0
fGL0FWUZNaCElQ8nIiJ3,0,7320,0,466,4743,0,7252,0,0,0,0,0,0
FKxO8J75rj3Cs1od0yTX,42,1980,0,145,986,0,213,0,3,0,0,0,0
fj5YpGb4WZea7RCP9Llm,23,14092,0,136,24580,0,2853,0,3,0,0,0,0
FLBerci0hxEK1fYtUon5,26,8709,0,206,4600,92,0,0,3,0,0,0,0
fJNIFnjPxKEvHemRBYsg,24,572,0,118,82960,0,344,0,3,0,0,0,0
FlnjSwYHGacRZVz0J1NP,26,1293,0,0,1041,0,1459,0,3,33,0,0,0
fljGbXsC06zBq8JZEv79,27,0,0,246,0,0,26,0,3,19,3,0,0
fGwEMeBFc0JUlpKHONsa,26,187351,0,1510,10526,0,0,0,4,0,3,0,0
fmMK3AFYZeWEDPk4sLH5,27,6707,0,49,20495,0,27467,0,3,0,3,0,0
fMeAgYJFGl8HSPm7uzEI,23,100292,0,657,15569,0,22999,0,5,0,3,0,0
fHWo9xSpPTFNQ4bRYgXE,25,580,0,113,263696,0,17136,0,3,0,0,0,0
FNAVfQgh4a6k3lUY5ZcK,22,2280,0,3,28275,0,55313,3,3,0,0,0,0
ezHTxiry7cw5dsY6NjSZ,23,17913,0,2122,1432704,0,3517,0,0,0,0,0,0
fN41R9SVgavu6tQ7lreY,29,0,0,176,0,0,516,0,3,20,3,0,0
FNcHdxXPKB9kVMnOzSm2,22,1972,0,180,125141,0,450,0,0,0,0,0,0
fCyAxOnr8lFhsXuNeEkt,46,3406,0,124,783911,0,597,0,0,0,0,0,0
fnHDty72dWwjkXgYqUPA,24,420,0,106,85469,0,22346,0,3,0,0,0,0
FnXVjLgJDclyUw9h213B,26,8627,0,206,4600,92,0,0,3,0,0,0,0
fnuUPBWtXN7bSsMvRDem,26,8457,0,245,6331,0,0,0,3,0,0,0,0
foaW2s9e160A5kjJVcKx,24,2565,0,139,1030,0,2003,0,3,0,0,0,0
FouYPMV2OKXB7fgjIZxU,26,2538,0,140,1041,0,2004,0,3,0,0,0,0
foWjCIUpHk4tEruJlBGc,26,1284,0,0,1041,0,1471,0,3,33,0,0,0
fpGiAdaLBWESygDbOq7U,27,0,0,4131,0,0,35,0,3,529,3,0,0
FO8AGC1wIeKXcaH2gnhJ,25,31299,0,381,1032,0,0,0,6,0,3,0,0
FPrCDVSpITEWtUyMuozc,24,13204,0,257,544,0,1083,0,0,0,0,0,0
FP3ITxh0a4rBOp7lQZ6E,24,0,0,253,0,0,0,0,3,0,3,0,0
FQLZtVfKGT83YewqPjiI,26,1304,0,0,1041,0,1459,0,3,33,0,0,0
FQv3gdPzs1ayVCXuYcWR,26,8814,0,206,4600,92,0,0,3,0,0,0,0
FpbBkjtGeV93UvlqCT5f,25,123301,0,619,22189,0,36562,0,3,0,3,0,0
frcDlXdshQYGCyKa7LjA,24,2461,0,179,1048,0,2005,0,3,0,0,0,0
FrfWM0OlI5XwyoQBnutV,41,2015,0,145,1028,0,222,0,3,0,0,0,0
FqXM3PGfdhTr0xgj7y4R,0,24575,0,573,18656,0,52358,0,0,0,0,0,0
fpiZ6no01V8gydTe4UFw,22,3080,0,3,29336,0,270352,3,3,0,0,0,0
fRGWEv9TLIUOnhj0YV35,27,17625,0,645,941,0,0,0,5,0,3,0,0
frgtup5NAaT9qRVDj4hO,24,2647,0,103,67088,0,24452,0,3,0,0,0,0
FsCzyGSN5qLRDgxh81if,26,1307,0,0,1041,0,1459,0,3,33,0,0,0
FL235qiOsXfm9WlcCgzd,0,18084,0,337,30976,0,863778,0,0,0,0,0,0
fsSkgPTQNj8LKbvAZMtG,31,1831,0,124,1058,0,222,0,3,0,0,0,0
f6IgSeW72uCHcVYjOZUx,0,8392,0,603,1727692,0,27794,0,0,0,0,0,0
ftHnLEAd5NPxpiybvqaY,27,12985,0,163,45,49,739,6,3,0,3,0,0
FSqi0ZaPveb5jMxtBcfs,24,11367,0,1561,166565,0,2329,0,0,0,3,0,0
fTWrspAEHwnNFdCh57oV,24,1371,0,293,494,0,637,0,3,0,3,0,0
fT4RC3LwYxDib5K1EOX6,23,12168,0,1047,154277,0,1582,0,0,0,3,0,0
fU4l7Lc8jnyxRewu1okV,24,10819,0,220,611,0,1383,0,0,0,0,0,0
fuso63yW7wAXO20gJIBS,26,78733,0,1066,7372,0,17816,0,3,0,3,0,0
furjbFsqkwKzaNxB3RDL,21,835,0,125,204534,0,1287,0,0,0,0,0,0
Fv4oIUutzNCha6rXHxGD,24,0,0,248,0,0,0,0,3,0,3,0,0
FNMnqPH6hzyY8ZDX7SVj,0,10464,0,311,25115,0,992535,0,0,0,0,0,0
FVmO980BKzIHYiGUscDx,22,6914,0,453,314,0,2756,0,12,0,3,0,0
fvpU1xlo92RqnLyJkDAS,25,5336,0,335,876,0,2620,0,3,0,3,0,0
F8bN6Gx0wTRZWsHI3XLO,0,3172,0,334,24992,0,2271564,0,0,0,0,0,0
FWLJQbmnM2URyBv4P38O,26,9596,0,147,9831,7164,0,0,3,0,0,0,0
frLD0F7HvGAwkdWKsNYU,29,2508,0,121,783373,0,661,0,0,0,0,0,0
fy0va8HcFThxnBX5UMbE,25,125282,0,621,22103,0,35459,0,5,0,3,0,0
fYECMU3kwa4u1rgtNPod,26,8685,0,206,4600,92,0,0,3,0,0,0,0
FyIcXN7Z6SQojdgntUD9,40,1988,0,139,1031,0,222,0,3,0,0,0,0
FzXcL7Rxhj3mT9tlCp4k,23,3875,0,333,2820,0,0,0,4,0,0,0,0
FZhGnySKIx4prT8YmNWR,24,12177,0,241,995,0,1311,0,0,0,0,0,0
FRTmvrEKAXNotPaWdqn4,0,18260,0,346,30957,0,859596,0,0,0,0,0,0
FCVlU4vTjmHoun5QE9s7,0,4591,0,288,3518,0,2411096,0,0,0,0,0,0
g2pvrdbPVLKz408xBXef,22,51728,0,1135,1085,0,0,0,5,0,3,0,0
fTQ1XmiFekwZsISxNzlR,40,3287,0,128,783888,0,639,0,3,0,0,0,0
FPZgaCXimE53GWD6UjJY,24,25583,0,1399,1384177,0,2065,0,0,0,0,0,0
G37jI5Fu8YEJVgWhiKCQ,22,31047,0,509,12670,0,2165,0,10,0,0,0,0
G68a2QiCMsvf9JUWdlND,26,1284,0,0,1041,0,1470,0,3,33,0,0,0
g6ZYW8n9iJToNFMS7QAy,23,17506,0,738,4118,0,0,0,5,0,3,0,0
G54U96frYb2CLIOSpMyX,0,0,0,0,0,0,0,0,0,0,0,0,0
FNk5ufg4GxHDLUpeOBmo,24,22389,0,1311,1454344,0,1947,0,0,0,0,0,0
g7qEpdzW3mhFL1Tf0kHV,26,8364,0,147,9831,7164,0,0,3,0,0,0,0
g92uBMP7wqGFvszXjQot,25,2638,0,178,1048,0,2004,0,3,0,0,0,0
G8ukS97hQUnO13ZIXoLM,26,11439,0,206,4600,92,0,0,3,0,0,0,0
g7SQeJHR0IGrqBzfumlC,22,3729,0,3,26547,0,16913,3,3,0,0,0,0
G9ItnR8HegBwlxEjDy6m,25,1297,0,0,1039,0,1459,0,3,33,0,0,0
g4EyujTPMQHLfVIRlDWS,24,0,0,938,0,0,0,0,0,0,0,0,0
G9MXfcb4iVKa3BeN1SLg,31,1787,0,127,1059,0,221,0,3,0,0,0,0
g2xuLl8TswtIEb7SqfXD,28,177113,0,567,485,732,12552,0,3,513,0,0,0
gadc4pf8XmvzYSNTyOMF,23,5037,0,130,39,0,22599,0,3,0,0,0,0
FdTt7i63rIxeSv1scBn0,0,5719,0,663,4363,0,2474876,0,0,0,0,0,0
fvbowPJXxAKQsVt7MiRL,26,4422,0,389,359421,17,0,0,0,0,0,0,0
g937V6FUYlT0PybHMEin,22,3303,0,3,30735,0,55313,3,3,0,0,0,0
G9jfR1PvIhwMx2Wts43b,24,619,0,105,75794,0,308,0,0,0,0,0,0
Fw3QCzKGsD9e86pgLiIm,23,18368,0,154,317454,17,0,0,3,0,0,0,0
GbcXlTxkFwUSD0La8Ahs,24,0,0,248,0,0,0,0,3,0,3,0,0
gaYrbUuHQn9w5q1OdMcm,26,5814,0,81,4105,0,26121,0,3,0,3,0,0
g6YuB4D2RCwjUHmW31GZ,24,26047,0,1002,176575,0,1550,0,0,0,0,0,0
Gbs4cQpR5JWdFhBIVKHl,22,3160,0,3,29406,0,16913,3,3,0,0,0,0
gCJk0uacmvlBAosn74b6,25,2065,0,142,1052,0,224,0,3,0,0,0,0
GCoiXh8BY0Nl4jO1P9zL,23,2109,0,178,1030,0,1994,0,3,0,0,0,0
gCSrhptYyd6vfQAZXcwE,26,1512,0,0,1041,0,1458,0,3,33,0,0,0
gDYeNAplMujwPtU0qnJW,24,11452,0,307,305,0,1107,0,0,0,0,0,0
Ge7L4p2hWV3zuMDRmOyQ,26,8855,0,206,4600,92,0,0,3,0,0,0,0
gelhQLoiRE0HZTOI2fYv,26,1452,0,0,1041,0,1458,0,3,33,0,0,0
g9MVAiYzLpkEl81buc4W,24,67586,0,240,854,0,611,0,0,0,0,0,0
GApUZMLD5BgbES0zrcYn,21,1539,0,172,100741,0,385,0,3,0,0,0,0
geY51xavJjMGPbC9Hikt,26,1292,0,0,1041,0,1457,0,3,33,0,0,0
gC2GsRX3ewpQyvjO0Hb4,22,13279,0,3,73744,0,1040,3,0,0,0,0,0
GewamPurl6D0Fs3zvbon,26,13567,0,100,73744,0,1040,0,0,0,0,0,0
gfJpq3sVhzbLdNjWC16Z,33,1696,0,130,1055,0,216,0,3,0,0,0,0
g0lpdR9EGwDQCK5f4LhJ,23,17747,0,151,311818,17,0,0,3,0,0,0,0
GepfoxXH5VWKnhZzYl6U,26,0,0,251,0,0,0,0,3,0,3,0,0
geWrd0Rkc2AsuVBJESwi,24,0,0,253,0,0,0,0,3,0,3,0,0
GFVUryQSjKEPM5pqs9h2,28,11016,0,157,45,50,643,6,3,0,3,0,0
ghTfdVis0eRN3S1DEJFX,26,1304,0,0,1041,0,1459,0,3,33,0,0,0
gHPbaK69RwpGA7nFtuvU,21,0,0,3,0,0,0,0,6,0,0,0,0
FkThbmQlgnjGPdV3p8vB,0,5520,0,660,4408,0,2348700,0,0,0,0,0,0
GFblksovaPYLI5XeC8RU,24,61999,0,286,219,0,579,0,0,0,0,0,0
gfrQ2UK3LFvRCMEop0Yq,27,0,0,110,0,0,26,0,3,19,3,0,0
GeB24sD0kRKbZFrSdpNw,24,325,0,105,264209,0,308,0,3,0,0,0,0
gIzJEByY4vpkSQcZPH2C,22,1022,0,185,1017,0,219,0,3,0,0,0,0
gihQaFE1TSuWw3BCcAt8,24,59687,0,698,5119,0,7388,0,5,0,3,0,0
gitPaXxIMeKOZRTW2k34,24,0,0,253,0,0,0,0,3,0,3,0,0
GK590Jem3FA1kspq7PoO,24,0,0,4131,0,0,0,0,3,0,3,0,0
gJspjOHk7zXSGMB2Y5Tm,24,12133,0,274,1022,0,1023,0,0,0,0,0,0
GkfbZrRKmgFxq0Bypazh,26,9135,0,206,4600,92,0,0,3,0,0,0,0
gBX47iCvYrZVDqpHeAab,28,14190,0,362,424,0,396788,0,3,0,3,0,0
giVwn8ERCZrvfSIGFmaK,24,0,0,253,0,0,0,0,3,0,3,0,0
GLcwfP1Z08pVWrg7uoy5,23,19786,0,524,3056,0,0,0,3,0,0,0,0
GlduQtUf3I1hAWYwyFLs,26,10445,0,245,6331,0,0,0,3,0,0,0,0
GltvVHPJ9eLNj48a5CBR,26,8770,0,206,4600,92,0,0,3,0,0,0,0
gEZCMz90lrmI8cx37FNT,23,5746,0,321,344052,0,5016,0,0,0,0,0,0
GlUnrYxyOb5XQhFcf4Su,26,10396,0,206,4600,92,0,0,3,0,0,0,0
gcbsVSeyXY0MGzT1C9v7,23,17711,0,141,320526,17,0,0,3,0,0,0,0
GLrQbRUluV0qzahkDEms,22,1969,0,3,19653,0,85520,3,3,0,0,0,0
GlBR2jy6Nx1HUEag5ISm,24,20278,0,1802,163818,0,2615,0,0,0,0,0,0
gmFxGQlWUviPhKyAkoeI,24,1054,0,103,67088,0,20923,0,3,0,0,0,0
GNx5o9mIsTV3SUkeJFgP,26,1293,0,0,1041,0,1459,0,3,33,0,0,0
gIONM8E513LYstAjyzWl,24,862,0,118,264208,0,344,0,3,0,0,0,0
gNQ3UDOX98dJqLmxvuSc,25,2112,0,251,4082,0,27026,0,3,0,3,0,0
GOCxdg4XrQYsZvKf2eNP,27,8777,0,225,0,0,9558,0,3,0,3,0,0
gnKi3qo6WbBSzQs2fRGt,25,12410,0,42,73744,0,1040,0,0,0,0,0,0
gNOcktmwv3FMZ4TH02EJ,22,1950,0,180,127204,0,451,0,0,0,0,0,0
GP9MBktKncadV1gF7N25,24,425,0,117,76816,0,19472,0,3,0,0,0,0
GpdqLhNUiH9tZn5zxTEg,26,1486,0,0,1041,0,1470,0,3,33,0,0,0
FvEJe7LOjwDranG2tcf9,24,15579,0,1738,1425744,0,2510,0,0,0,0,0,0
GOEKlWF9DoZ7Y13rJ8ia,24,12721,0,1137,171313,0,1777,0,0,0,3,0,0
gQmxCDohy6pJUcSXrFPW,24,17343,0,447,10700,0,1301,0,10,0,0,0,0
GN8ZQjzWfKBYUtH1ehM0,24,39618,0,623,72614,0,239946,0,3,0,3,0,0
gquE91nRUy3XjiOdBfhW,26,9608,0,245,6331,0,0,0,3,0,0,0,0
GmEAFpP5ZO0suwaNIeqx,27,224613,0,448,30705,0,48964,0,12,0,3,0,0
grOUwuRlHBySvhJF0nLP,39,1983,0,140,1057,0,222,0,3,0,0,0,0
gsHjJZv1AGPzeofaBqVY,47,2164,0,0,1043,0,1501,0,3,0,0,0,0
GQPk9p1ZEICdOTcxlH5W,26,34203,0,514,1839,0,11946,0,3,0,3,0,0
gtfUJnxsp1hbBlmeSiL9,26,1469,0,0,1041,0,1458,0,3,33,0,0,0
gsY6e1zD4FdKItQvWqul,24,8935,0,270,2175,0,2641,0,3,0,0,0,0
gRBocU81iGy75lemTdsa,22,2729,0,3,28355,0,76816,3,3,0,0,0,0
gUSm1WN6PBYQabnrLs7h,26,1518,0,0,1041,0,1456,0,3,33,0,0,0
guSymr1IhTE4kFXAJGUj,32,1676,0,129,1069,0,216,0,3,0,0,0,0
GuX78SzhflmoDd6CTHyP,25,24415,0,683,2810,0,0,0,3,0,0,0,0
gq9cv7lPXyzBDsY8SfVe,22,12283,0,3,248337,0,2576,3,0,0,0,0,0
gO0h7udtqs4yaXNQAUPM,28,282220,0,1573,13958,0,66328,0,3,529,3,0,0
GWOV07nzb1Lasfh3wYep,26,8837,0,206,4600,92,0,0,3,0,0,0,0
GsMCWkKc5LE3PxYhUFnt,23,15787,0,381,146932,0,1239,0,3,0,3,0,0
GxcE1XCeU35zwFIy0ALN,27,1830,0,0,1054,0,1498,0,3,0,0,0,0
GwusdVTRkYeZOaAgcpHm,26,9679,0,245,6331,0,0,0,3,0,0,0,0
GXFP0dYvns5NoQtIBECf,21,0,0,17,0,0,0,0,0,0,0,0,0
GV7WShk4vjpiKqbEBgsr,24,1438,0,113,76816,0,19820,0,3,0,0,0,0
Gycu1WC5mE6BzMl2ArD7,24,9508,0,345,2534,0,0,0,5,0,3,0,0
gybTWSU3EjBGpCVI1JA4,24,21095,0,538,1185,0,0,0,3,0,0,0,0
GxK7nfY1mOrBNDepqWj6,28,768,0,91,67088,0,20671,0,3,0,0,0,0
GTXj5Lg2ZF4tJAsPBCYc,22,3286,0,3,29075,0,262637,3,3,0,0,0,0
gtiofz9cBwuYCHjyJTdK,25,97976,0,251,199319,0,93896,0,3,0,3,0,0
H0evJ1QxsltOCmkDaTGr,26,5257,0,420,48956,17,0,0,0,0,0,0,0
h0VaLmr69gdOiyRwStZQ,38,1988,0,142,1036,0,222,0,3,0,0,0,0
h13m9RvHr5FdnYkiS2yL,27,1794,0,128,1059,0,218,0,3,0,0,0,0
h0RSAT7iEZH4lOQv3NtW,24,13745,0,272,616,0,783,0,0,0,0,0,0
h1gS8bA0I3xJoX5zVZ7U,46,2175,0,0,1053,0,1495,0,3,0,0,0,0
GOPRE6b1ypHhFWoAVgKC,26,451559,0,3310,10665,0,0,0,12,0,3,0,0
h1A0cfYFC7vrnDRxNXHa,25,13128,0,355,20494,0,21587,0,3,0,3,0,0
h58VsWF3CjNwgxZenm7l,24,10794,0,175,643,0,1256,0,0,0,0,0,0
H5QR3qYhCvUI6px1oaEV,21,0,0,3,0,0,0,0,6,0,0,0,0
h5ZBNR8Ag9YMIdk0Plt4,24,3821,0,856,0,453,4112,0,3,0,3,0,0
H6lnwc5Ixk3o8O7iXtJK,25,2857,0,106,16913,0,19267,0,3,0,0,0,0
H1yNEYo4ZLxmKklg2Mnz,24,13805,0,1027,157518,0,1614,0,0,0,3,0,0
GzjL73seI0uAmZVyYtnw,0,129361,0,333,26591,0,52644,0,0,0,0,0,0
h6O5H92YWwJ7r1pRELge,24,0,0,253,0,0,0,0,3,0,3,0,0
GgmARFo3WxUZ0KzuCM15,22,25603,0,1179,1392632,0,1777,0,0,0,0,0,0
GZJ3hp4v8AzVB6imf1Il,25,18147,0,141,324109,17,0,0,3,0,0,0,0
H75RL96JxmMEfBvbe2jk,24,20945,0,2470,173375,0,3803,0,0,0,0,0,0
H7Z6WfoCrxzSjMVd04Dy,24,0,0,938,0,0,0,0,0,0,0,0,0
H9tYbAiz7dZ0WsM6PEm1,26,1319,0,0,1041,0,1471,0,3,33,0,0,0
H7tCOwf5rzSluXiGsx8W,0,6638,0,649,25307,0,27835,0,0,0,0,0,0
haOqi2LncMP9VATIrBFZ,26,8813,0,206,4600,92,0,0,3,0,0,0,0
HaTioeY3kbvJW2LXtOwF,0,0,0,0,0,0,0,0,0,0,0,0,0
H4lKrjuZUTVAsgiz7kFS,23,19695,0,194,355857,17,0,0,3,0,0,0,0
HatR5OEDxJYmzrQqCjAl,40,2045,0,141,1037,0,222,0,3,0,0,0,0
HaviCoRtOlz4spd1Qx36,29,1795,0,124,1048,0,221,0,3,0,0,0,0
h8wnNSFs62cI7axUq0iK,0,10411,0,704,25233,0,26472,0,0,0,0,0,0
GWUj9COuPeVEqM7TmlKs,51,3322,0,126,783892,0,596,0,0,0,0,0,0
H0MWhBng75iZPVOTNdas,26,15241,0,170,448502,17,0,0,3,0,0,0,0
hC4p1vnRPZlyMtsFVrqe,26,10283,0,206,4600,92,0,0,3,0,0,0,0
haMeQO6Y4A93ipELGwXF,26,579,0,103,264208,0,299,0,3,0,0,0,0
hcug1H8Rw6ZJ2sOITmnG,24,10471,0,244,184,0,1097,0,0,0,0,0,0
hd13cetC4NLr7TpAYxui,22,3222,0,3,30373,0,16913,3,3,0,0,0,0
GPAypQZ0LH7rD1safnMI,24,22389,0,1311,1405192,0,1947,0,0,0,0,0,0
gHUeRsYtFl4BaX7So8W0,0,4447,0,279,25398,0,2273563,0,0,0,0,0,0
hdm2IYJXvzDOotwQuRc5,24,1165,0,135,1026,0,221,0,3,0,0,0,0
hDkmuNtMpaExYj2VFd36,24,2752,0,35,24590,0,19593,0,3,0,3,0,0
hdmGkzIWx89uo1T6PCXY,28,1680,0,127,1006,0,214,0,3,0,0,0,0
HeSRou1ZPv5rNK2Wnzmx,25,1341,0,0,1039,0,1469,0,0,0,0,0,0
Hd2RSo5Vklez7KAWpaF1,24,70496,0,285,822,0,704,0,0,0,0,0,0
HeJ3ZCW4yLRrdktsnKo1,25,1701,0,103,76304,0,299,0,3,0,0,0,0
Hf2WOklmDrv5G6cEba7h,25,41396,14238,8946,0,0,0,0,0,0,0,0,0
gKvtaoZ7Lkl1V6yxq3Fc,0,6250,0,285,3788,0,2177895,0,0,0,0,0,0
HfX6SvZPi5ImYgh2RkBW,24,96109,0,621,9399,0,17588,0,3,0,3,0,0
Hfo6yVm1zvZaYlTeG59b,24,21355,0,1179,154451,0,1771,0,0,0,0,0,0
HaxgVnrql4bk7FEot9Sm,42,384254,0,846,17826,0,140375,0,3,529,3,0,0
hgjwNAdHsBlEU3QZLbWC,24,68361,0,275,929,0,1152,0,0,0,0,0,0
HjgSxn8pJ2ITBsmohaLr,45,2238,0,0,1064,0,1500,0,3,0,0,0,0
Gbf4Z8pqFsrxyKVQOcWg,0,5472,0,511,4354,0,2843074,0,0,0,0,0,0
hjdkwfeHXnWoUsJPY2y3,26,9611,0,206,4600,92,0,0,3,0,0,0,0
hHnpTaPYU4StmeC6yNxr,22,13977,0,3,73744,0,1040,3,0,0,0,0,0
HJt1Mc578nYFBDdKNkVu,26,9613,0,147,9831,7164,0,0,3,0,0,0,0
HLqwFIxJdXODg4pQm5Wu,24,4442,0,103,4149,0,1169,0,3,0,3,0,0
HlukEnBqpOFY4yLPUtDe,24,975,0,132,973,0,223,0,3,0,0,0,0
hK7qMc3ZHmF5e4bLfCOj,25,46403,0,248,1601,0,18979,0,3,0,3,0,0
Hlx3YEyNSbCWaBVroRiK,23,9281,0,208,10835,7164,0,0,3,0,0,0,0
hlmIHcydkXi31VfWpTG7,24,526,0,130,65529,0,15241,0,3,0,0,0,0
hNKoiFSWrHegX5pnvfRA,26,1307,0,0,1041,0,1474,0,3,33,0,0,0
Hbpnmseqw4hRxokOElPU,37,3585,0,124,783799,0,666,0,0,0,0,0,0
HjhNmc60tkrMRQZ7Po98,25,123301,0,619,22189,0,36562,0,3,0,3,0,0
hOtXLq9on7svPe4NTpAd,27,2620,0,178,1028,0,2006,0,3,0,0,0,0
hIkK1vBdj9fDJPcUWzA8,24,19271,0,917,179383,0,1396,0,0,0,0,0,0
HOxsvV5gKWhCm9FqDb1r,26,9800,0,230,6738,92,0,0,3,0,0,0,0
HPgEAKLnivQmBkXh6jFc,24,0,0,3618,0,0,0,0,3,0,3,0,0
hP6lGov9R0eVci5QyuYS,31,15522,0,466,1734,0,0,0,3,0,3,0,0
HQZY7q3BvjlrANFkcxT8,26,1302,0,0,1041,0,1462,0,3,33,0,0,0
HqX48iTlfj6goR3JFWwG,23,10469,0,208,10835,7164,0,0,3,0,0,0,0
hsbekymnY8oqAfL3Pr0O,24,21097,0,538,1185,0,0,0,3,0,0,0,0
HpMdj30s7EDPkiFLWvYy,22,2626,0,3,30003,0,95760,3,3,0,0,0,0
hSuPy5UBrG3FDZsKd1O2,24,2113,0,178,1036,0,1994,0,3,0,0,0,0
hnGHbT23JFgl9ORqPKuk,25,972,0,108,263696,0,23687,0,3,0,0,0,0
HSAm6wFQNzyb4GvscWoY,21,1539,0,172,101630,0,385,0,3,0,0,0,0
hTOJKwgGvBxb3dS8e9cn,24,1019,0,187,1022,0,220,0,3,0,0,0,0
hTvkHcPfw8pLuUA2S53z,26,1316,0,144,1039,0,255,0,3,0,0,0,0
Htw4uoGKsN37Dne5ivEP,24,995,0,185,1025,0,220,0,3,0,0,0,0
hSNv2TgwqX0Ip3HnVFEj,25,41059,13747,7789,0,0,0,0,0,0,0,0,0
HT1oyBYIg87K2kPuaqEZ,22,47375,0,1145,46,0,12086,0,3,0,3,0,0
hSzLbFyUMc7Z2NCAd4EV,26,100729,0,2775,3283,0,0,0,3,0,0,0,0
hvrK1mqLoOAniPVSXbQg,22,25901,0,648,0,1146,0,0,3,0,3,0,0
Hos7LWmZR926VO5Kcgpd,22,1951,0,180,391892,0,1481,0,0,0,0,0,0
hxJ5t2iHX7auyMUEQ1Tg,41,1969,0,144,1002,0,217,0,3,0,0,0,0
H7CpUha5E4m9YzjxD0Z1,0,7156,0,309,1510889,0,7363,0,0,0,0,0,0
HUODeWwRlv1aJKVT3Gni,24,591,0,103,264208,0,299,0,3,0,0,0,0
HWhSIz2mFVokMc4E7CaQ,25,41498,14154,7377,0,0,0,0,0,0,0,0,0
hYlgvVbMI89qP1jruyxQ,26,9449,0,206,4600,92,0,0,3,0,0,0,0
HyYjp7w1oiVRl2zaWcsS,25,45043,0,404,3192,0,1496,0,1,0,0,0,0
hZ9FgpT4IDNx2mEi61r7,26,1347,0,145,1039,0,255,0,3,0,0,0,0
Hks26SvPR94LVbTMGIDW,45,3466,0,124,783897,0,601,0,0,0,0,0,0
HYXoC7FRisqWgwP0EjLK,24,10849,0,395,141089,0,501,0,0,0,0,0,0
hzH5vLburkG8simTIaeq,31,15542,0,466,1734,0,0,0,3,0,3,0,0
hzrQCyf6qP72XZjATuBw,0,55022,0,502,6674,0,21336,0,0,0,0,0,0
hCozU2T0mep6nNkABStf,24,19385,0,1068,1453958,0,1596,0,0,0,0,0,0
h8VyAJq3RfgoQIciCT9u,0,5058,0,303,1829591,0,8568,0,0,0,0,0,0
HVlorUn2MsXN6BdZghv4,25,18378,0,151,315405,17,0,0,3,0,0,0,0
I1eauWn7x5lPLR2rQoF8,24,10733,0,266,688,0,1436,0,0,0,0,0,0
i2LJZ9r8EQXCk04I1GUe,26,1308,0,0,1041,0,1459,0,3,33,0,0,0
HXoz2NOQtTgJ04RsL5ME,31,20,0,344,16,0,22,0,3,0,0,0,0
I3zcG1EdgynLPstV7bHQ,24,1003,0,187,1025,0,219,0,3,0,0,0,0
I4nGjE570138M6hqXbmA,26,1547,0,0,1041,0,1456,0,3,33,0,0,0
i4f81CyIkZtEprWaOVRS,0,15803,0,0,0,0,0,0,0,0,0,0,0
i6GulvUznIrgyAjRE4YW,25,1328,0,0,1039,0,1469,0,3,0,0,0,0
I6pNbzORLrq8uG0cCJPi,25,1509,0,0,1039,0,1457,0,3,33,0,0,0
hZfoeEcsTJRnNLlF5wG0,0,109600,0,639,24903,0,24423,0,0,0,0,0,0
i7pqWygtZDQLmHX9h3lx,24,50403,0,323,12347,0,9115,0,4,0,3,0,0
I2QaRs1y4TmZVLwWCPv7,22,1950,0,180,124628,0,454,0,0,0,0,0,0
i8gKknCGoFD5tzvVhEfS,26,1491,0,0,1041,0,1458,0,3,33,0,0,0
I5nFDOpfAxyK3CStBieU,22,1939,0,376,145645,0,3673,0,3,0,0,0,0
i89kvPU0R3EXQ1lZhyxY,25,43243,14661,12392,0,0,0,0,0,0,0,0,0
Ib5eiMc7tNOUylwFBLvx,24,4249,0,83,4149,0,973,0,3,0,3,0,0
HCbgVZFI580OxptuS7sm,0,5498,0,293,3744,0,1862979,0,0,0,0,0,0
ibDT9XVyqJNrcztvEHgF,26,1475,0,0,1041,0,1462,0,3,33,0,0,0
iBIGzWL1AFKxqUrjo0Sg,27,1789,0,123,1064,0,221,0,3,0,0,0,0
i0JrWpyNfu5vV9tzahSY,24,587,0,113,262674,0,332,0,0,0,0,0,0
iCN4jl26qfaQxTAe5Jzh,26,1473,0,0,1041,0,1459,0,3,33,0,0,0
iDHxeowbV73huM1G9OLj,42,1961,0,159,1007,0,215,0,3,0,0,0,0
iBNlQ3bYzKr7R6DCXp2F,24,8753,0,399,1069,0,0,0,3,0,3,0,0
Iec1UF56lu9M0zmbhGky,26,1751,0,140,135,0,0,0,4,0,3,0,0
iaHNVLkKABMznmxDWFZ5,24,1462,0,108,67088,0,20615,0,3,0,0,0,0
i1OyRUG9mCvIZYD6olNT,24,3942,0,3,29052,0,262672,3,3,0,0,0,0
i94Kjy8WADbQIuNOktdR,0,118111,0,496,4724,0,5545,0,0,0,0,0,0
IEydq4pSaBUO8v5CK2Mo,26,1317,0,0,1041,0,1458,0,3,33,0,0,0
iBz3MaqYb0PplxDhgTCN,24,1700,0,117,76816,0,22190,0,3,0,0,0,0
iFG7jwNOmPvgckQVdf0p,24,10469,0,313,944,0,634,0,0,0,0,0,0
iEQqVxmbcTeIASF5fBjK,26,139731,0,1284,7403,0,0,0,3,0,3,0,0
IFs5zKLkOMqNtubS69XB,33,1798,0,128,1062,0,221,0,3,0,0,0,0
IftFXWmh7B5Alnxy4DbJ,43,1971,0,145,1041,0,222,0,3,0,0,0,0
iabhfQKo2XPgrGpdZStD,25,520,0,105,264208,0,308,0,3,0,0,0,0
Ig9ZEaGmMrT1lHJhRPQx,23,0,0,4111,0,0,0,0,3,0,3,0,0
HyITQWvZXan3zBoDpCA0,42,3388,0,126,783914,0,597,0,0,0,0,0,0
IgAUSCnimJ8erwFljDP4,24,0,0,253,0,0,0,0,3,0,3,0,0
IH0aSRoevUGE3k9FDhJA,25,9999,0,42,73744,0,1040,0,0,0,0,0,0
ihbKdvnE3kJf0oTz8s9q,27,0,0,176,0,0,26,0,3,21,3,0,0
ieywoN1csjbd48IgVlqM,22,206410,0,1119,18738,0,67480,0,8,0,0,0,0
ihT109rSABLfdRNxvMGW,25,10223,0,38,73744,0,1040,0,0,0,0,0,0
igyFEdlJtGwk8uT2rnNV,24,660,0,107,262674,0,311,0,0,0,0,0,0
ijsudn60LwGlgaIJYV5S,24,11542,0,216,187,0,701,0,0,0,0,0,0
Hostb5jC4vASg0GupIZl,0,8463,0,614,1728839,0,27808,0,0,0,0,0,0
ieI35JrWTM0KhHE1glbG,0,3516,0,453,645823,0,0,0,0,0,0,0,0
iLBzkjmPncOKs7f4FDv3,26,1284,0,0,1041,0,1474,0,3,33,0,0,0
IehXbMUBZRNgHu3pvAm0,32,3286,0,127,783908,0,639,0,3,0,0,0,0
ILTHy6snFQiapuxbXS7R,0,0,0,0,0,0,0,0,0,0,0,0,0
IMDytugVJLdx1jbRkCwH,30,1679,0,128,1069,0,212,0,3,0,0,0,0
IMHkwmYq9OQJ7iVzByE5,26,1315,0,0,1041,0,1462,0,3,33,0,0,0
iIMmk8tNvLweAr2dfn9F,0,131313,0,334,26855,0,54558,0,0,0,0,0,0
iOj4fAeuRb92FNIzQoDt,24,1294,0,0,1041,0,1471,0,3,33,0,0,0
hUWD9x6XdNuJrMSg8pqa,0,5716,0,291,3825,0,1620529,0,0,0,0,0,0
IphOGU7e9aVLo1s8XkC2,21,1043,0,190,1024,0,220,0,3,0,0,0,0
imqELVF2Hf3ZG1tgBAov,26,38699,0,386,859,0,0,0,5,0,3,0,0
iP7SnkW0I6OzuVJq9erE,22,0,0,253,0,0,0,0,0,0,3,0,0
iKQcpTlzFkgrb7RJyjDs,22,2513,0,3,33284,0,262672,3,3,0,0,0,0
IPpdskJlaGev2MYSXnC0,25,58480,0,706,4318,0,10496,0,5,0,3,0,0
IR9gtO0weU7DWVqhJryu,38,1994,0,139,1034,0,222,0,3,0,0,0,0
iK9ovZhBJCDH0T34dtI5,0,124452,0,334,26547,0,57803,0,0,0,0,0,0
ijsaQxUhdyZ0ReqYklbG,24,17483,0,155,315918,17,0,0,3,0,0,0,0
hbT9ltVRQjau5nNFYpHM,0,5152,0,671,4404,0,3099689,0,0,0,0,0,0
iRolW7mEntScOG1kw6bF,26,8746,0,206,4600,92,0,0,3,0,0,0,0
IlXfyiMdJ3wSO4LNbKCA,0,85521,0,631,25301,0,24522,0,0,0,0,0,0
IQzsyO5M0t2PSqCuT3h8,25,40024,12614,8221,0,0,0,0,0,0,0,0,0
iPqeOav3fHD2VJrt9GoE,22,17358,0,1312,170942,0,2018,0,0,0,3,0,0
IrkaJzo10g5Vl82vHLf4,27,0,0,110,0,0,26,0,3,20,3,0,0
I0aTJkCwgMY8P6h9vWSt,24,22389,0,1311,1413384,0,1947,0,0,0,0,0,0
IT8nb7MvO5QZptGjNasH,23,5021,0,0,0,0,0,0,0,0,0,0,0
IS5gEHZFc0xpPj86N72D,25,12804,0,40,75281,0,1040,0,0,0,0,0,0
ISEbDYCrtqnGOPg3Qdzh,0,110834,0,513,6673,0,21339,0,0,0,0,0,0
IRvabWSMkDe8pxXVLOrh,24,70446,0,176,686,0,1052,0,0,0,0,0,0
ITuyGmaJlwE1Yfd6UZLO,29,0,0,794,0,0,26,0,3,21,3,0,0
iu1ljDsWoZzIU8GOdNmA,30,1827,0,128,1048,0,220,0,3,0,0,0,0
IhL9pebrmGl71FXCkyQo,41,3283,0,127,783911,0,639,0,3,0,0,0,0
IUXGYzWQ9pNLqDgukfSd,25,20544,0,512,491,0,0,0,5,0,3,0,0
IuDWhwfPcYTK3LBovO5d,25,13174,0,40,74769,0,1040,0,0,0,0,0,0
iVR4woCP02d89KLaXTm3,24,11235,0,301,307,0,958,0,0,0,0,0,0
ivrudVW0BGmSOlbqH6MY,26,1534,0,0,1041,0,1471,0,3,33,0,0,0
IUSuf2hBaRG8yrNJqDHz,22,3580,0,3,27930,0,95760,3,3,0,0,0,0
IVk2Scu69wdmQ7tEO8rY,22,2326,0,3,21426,0,76816,3,3,0,0,0,0
itKaznkWYBjsPd2obgJq,0,103988,0,345,26793,0,52865,0,0,0,0,0,0
IweQoKz4HxGc8mAETNpM,26,8749,0,206,4600,92,0,0,3,0,0,0,0
ixEDUaglAT6ZwM0FGCSu,27,0,0,176,0,0,26,0,3,19,3,0,0
ITPGq9AXn4EZKmYeFpuB,0,119159,0,328,26582,0,53352,0,0,0,0,0,0
iQjwfWnkXCbetmS3sg01,23,19204,0,134,313358,17,0,0,3,0,0,0,0
IYFTBN6LCn7SEQgbPOaU,26,2424,0,179,1036,0,2005,0,3,0,0,0,0
Iyjk3mOQfLnRTSqzdCJ1,25,1147,0,0,1039,0,1469,0,0,0,0,0,0
IyjtB6DFWvnTYw1E934Q,25,1157,0,0,1039,0,1469,0,3,0,0,0,0
IYACa9WBVQESgJTDtfXh,24,0,0,253,0,0,0,0,3,0,3,0,0
IThBzvVbMReu248oK3UJ,23,17515,0,149,314382,17,0,0,3,0,0,0,0
IWwBaxyoTQbklN6CDG3h,24,16887,0,1326,157430,0,1909,0,0,0,3,0,0
iWScf1VBXaT78d5qDJFY,23,115728,0,335,4389,0,37641,0,3,0,3,0,0
izRtJ6ELUuCPWAxB9ZOs,26,8782,0,206,4600,92,0,0,3,0,0,0,0
iz2uT5qrtRNcM3IJjAhb,23,22270,0,707,1452,0,6657,0,3,0,3,0,0
IZeQVP4mMEwxvrzfUd6R,26,5653,0,453,0,0,20076,0,3,0,3,0,0
j04fOHCJNI2TkB3lPVyv,26,1464,0,0,1041,0,1458,0,3,33,0,0,0
iympuaSrqvjfogKZcB7M,0,46379,0,516,6673,0,21328,0,0,0,0,0,0
IxVpXTyfqWoj8ri7sMSc,24,686,0,130,263696,0,20265,0,3,0,0,0,0
IFRGbmc7WwDiHNtvC1pU,24,25583,0,1399,1416945,0,2065,0,0,0,0,0,0
izS2yBV3Z4nKch5OmAuo,26,4769,0,407,51221,17,0,0,0,0,0,0,0
J0fY3O5lUmuNqVPBDRKn,24,348,0,109,82960,0,320,0,3,0,0,0,0
j1lGIRFzMHXnVPZ8DQBg,25,1035,0,103,65552,0,14236,0,3,0,0,0,0
IZWuOMidGxg1HYNP9fJr,21,1866,0,171,141549,0,402,0,3,0,0,0,0
J1OuMlSZboYIRXC03jQD,24,0,0,253,0,0,0,0,0,0,3,0,0
ira26FLCvbOlw4jy1mB0,44,3464,0,125,783853,0,601,0,0,0,0,0,0
J1LCS4Foa2jbAOYGWQhz,24,68838,0,278,224,0,1058,0,0,0,0,0,0
j34R672scXmhMi5zrGkF,25,1187,0,142,1026,0,222,0,3,0,0,0,0
j2gBF09pxTcfIPy4kwJH,22,12287,0,3,74769,0,1040,3,0,0,0,0,0
iSDOzmncxkoV39KgPQLy,44,3319,0,126,783897,0,639,0,3,0,0,0,0
j2pzLZUsYTlKG7bVf9Fk,24,1207,0,107,67090,0,1173,0,0,0,0,0,0
istyYHpm3WofMQLX0KBq,0,13903,0,471,838637,0,40114,0,0,0,0,0,0
j2IBarGQysHh3Cfz6M8i,26,139000,0,1279,7422,0,26450,0,3,0,3,0,0
j3tdbX6HDPxA7ZkBUpvG,22,1086,0,3,19198,0,95248,3,3,0,0,0,0
j3thgSImoFBZAPsrpaqT,0,0,0,0,0,0,0,0,0,0,0,0,0
J9fHxpesDYtIoUc8uZy2,25,1338,0,0,1039,0,1469,0,3,0,0,0,0
J8EvIQbVSYOXxKC4wgd5,27,7891,0,121,12333,0,7882,0,3,0,3,0,0
J8BlM3NXxq4LzIsrGVPD,27,5619,0,117,0,0,12256,0,3,0,3,0,0
jAcaJU6eHy14LPGbnDmT,24,9794,0,550,0,588,4112,0,3,0,0,0,0
J9vHglnKXhiYD4716GWy,24,0,0,253,0,0,0,0,0,0,3,0,0
J8pdGbHyWis9ToawOIMA,22,2946,0,3,27584,0,95760,3,3,0,0,0,0
j3MZQWRstbSx5CG9mpTn,24,378,0,103,262672,0,299,0,3,0,0,0,0
J9mdlXyFaQjNMtWk21uE,26,69345,0,1078,7031,0,14522,0,3,0,3,0,0
JBEzM0ZsuWaDt8bLypPv,25,12073,0,49,3087,0,37392,0,3,0,3,0,0
IxEuUnjarmv24lT8pofQ,40,3174,0,126,783884,0,597,0,0,0,0,0,0
jBuKaDNdCeyWLkElmpSo,50,2189,0,124,1051,0,643,0,3,0,0,0,0
iEDwlh1scqnJ4aeRTbQ7,0,7085,0,346,2014546,0,7090,0,0,0,0,0,0
j6msrVaoBEJ8cWxgZeAH,0,8695,0,631,25219,0,27809,0,0,0,0,0,0
jcH6s8DNVoleU3d9tiZL,24,0,0,248,0,0,0,0,0,0,3,0,0
jCrTVsM6f9SOmRP8p14i,26,1484,0,0,1041,0,1471,0,3,33,0,0,0
JaxoikOjnRvIHFAzBMUD,24,7959,0,1172,163690,0,1794,0,0,0,3,0,0
jDJ2lpYeC6OLvPqWGIsa,25,1148,0,0,1039,0,1469,0,3,0,0,0,0
jdqclF2YAsm4LJwZUxPN,40,2021,0,143,1021,0,217,0,3,0,0,0,0
JbzyqeI9ThRA4LWQN823,24,3558,0,3,25123,0,55313,3,3,0,0,0,0
jBRENK34v8VzuSOUQIFJ,24,0,0,253,0,0,0,0,0,0,3,0,0
JEULek2arB86vPXS0lDW,24,13232,0,282,3360,0,3157,0,18,0,3,0,0
jf1ACezG8V546aklihHu,26,1664,0,129,1044,0,214,0,3,0,0,0,0
Je7HmzKCW1ocBG3VdOvl,24,0,0,253,0,0,0,0,3,0,3,0,0
jERVLnaTwhHFrZbvNfCy,0,0,0,0,0,0,0,0,0,0,0,0,0
iYM4CwymksIGXDHt7uAT,23,15009,0,170,454125,17,0,0,3,0,0,0,0
jfn98b4a1ErPWx3thgCN,26,1294,0,0,1041,0,1471,0,3,33,0,0,0
jBXul1FAgEcKxO9ZYCDU,21,4598,0,3,28569,0,262672,3,3,0,0,0,0
JBhPuigxYtENMs4yToa1,0,118398,0,334,26386,0,55566,0,0,0,0,0,0
JgtDMQ8WuhPiFxBnalL5,26,10367,0,206,4600,92,0,0,3,0,0,0,0
JflvaIrSi4x0wkjZVN59,24,0,0,254,0,0,0,0,3,0,3,0,0
JbpXH0NYnFwIrzd2fAoW,0,115421,0,334,26420,0,56871,0,0,0,0,0,0
JhufrNciMQKETOUGZ8Ls,26,1295,0,0,1041,0,1470,0,3,33,0,0,0
jHEwUGnCVyvB8oguAseJ,29,11055,0,78,8301,0,11413,0,3,0,3,0,0
jIu3J4ovLPUOA6ngmyfw,26,1462,0,0,1041,0,1462,0,3,33,0,0,0
je4HWtx9M5ySpPBO0wgf,24,1447,0,117,263696,0,20462,0,3,0,0,0,0
jldp5PK6gw1O9t0o7svm,0,1781,0,277,3359,0,3631,0,0,0,0,0,0
JGpFMd5bZlkQ18fxNcwn,24,18756,0,1327,161398,0,1933,0,0,0,0,0,0
j1wqtQ9vlpxD5LMr34aG,0,14049,0,409,30549,0,880371,0,0,0,0,0,0
JIZ5Dg8xYLrfBPUeclHs,23,12311,0,892,173994,0,1452,0,0,0,3,0,0
jmPeQlFEcqyRuVwrJTvp,26,1453,0,0,1041,0,1462,0,3,33,0,0,0
jLtKBPl5Xk6peO9DWucy,24,2152,0,130,67090,0,1003,0,0,0,0,0,0
jM2ezG5TVpPDmlEBZN7b,24,0,0,253,0,0,0,0,0,0,3,0,0
j6gIME8eK4T1mn9PFqhb,0,8330,0,314,25279,0,995057,0,0,0,0,0,0
jmvJqEQ1VNh3ukH6cIRK,24,818,0,41,77840,0,0,0,377,0,0,0,0
JNGf3qzH2oLvBXDSM6Fp,26,5489,0,388,50688,17,0,0,0,0,0,0,0
JO58MAdl0WiuFk9zhspH,0,59732,0,499,6674,0,21335,0,0,0,0,0,0
jPwdh0NtUaR9T4MIWcuE,25,1331,0,0,1039,0,1469,0,0,0,0,0,0
J51yVcCbx9LDM6ZlS4Ud,0,13860,0,448,838787,0,40064,0,0,0,0,0,0
jpzob9ECS6aLQDiYWTkV,25,1011,0,185,1030,0,220,0,3,0,0,0,0
jOPwcHh7kyFaB4Yv8SMU,24,68828,0,239,607,0,1034,0,0,0,0,0,0
jfoOKUzAhdHWvuLeJxCN,23,18316,0,138,320017,17,0,0,3,0,0,0,0
JQ7wRLlnb6WqEkd28mgF,0,28738,0,526,4724,0,5580,0,0,0,0,0,0
JqMnmvEYlKVfw90W6btB,25,11601,0,356,2612,0,4175,0,3,0,3,0,0
JrFfspKABcSqx2zmTnCg,26,18054,0,432,142,0,0,0,4,0,3,0,0
jQqeMNUahpkbZI18c49o,23,0,0,3619,0,0,0,0,3,0,3,0,0
JhSGQb9mvEYIXVd0z8U2,0,5046,0,436,565724,0,0,0,0,0,0,0,0
js068WDIg1hXYHKPriod,26,1458,0,0,1041,0,1471,0,3,33,0,0,0
jSbcLy3rlkYhEd927p0P,23,1466,0,183,1021,0,218,0,3,0,0,0,0
JrsqMWaubVkZ3vj9himO,26,9811,0,206,4600,92,0,0,3,0,0,0,0
JQHf0c52agNmervIpCkT,24,68619,0,237,712,0,703,0,0,0,0,0,0
jSMI8XxFJhHAWa15GozR,26,11079,0,206,4600,92,0,0,3,0,0,0,0
jrg4n6P8cIGoSBXyWAtp,22,3824,0,3,29033,0,86544,3,3,0,0,0,0
JSYQ5GPfsFt8H0VRDdZv,27,0,0,256,0,0,26,0,3,19,3,0,0
JTAoQ9miHalVeE63PdBU,25,1163,0,0,1039,0,1457,0,3,0,0,0,0
jtbI230ofwYMxRuFdpzX,26,1715,0,129,1052,0,217,0,3,0,0,0,0
Jt9n0B4wTIpYCAko1ZQE,24,7137,0,251,16370,0,8714,0,3,0,3,0,0
jlOU12YZu5dLceTICW6K,24,15045,0,175,445438,17,0,0,3,0,0,0,0
ju23GQl4DYFVeNwc85ka,23,57814,0,512,5168,0,5339,0,3,0,3,0,0
jOTtmr8uJvclSIBf1xHo,24,34480,0,629,196522,0,208806,0,3,0,3,0,0
JSYxG6FyPnqQzEp73B9e,24,20232,0,1030,162310,0,1525,0,0,0,0,0,0
Ju4nWgOCHXBlyZmTo51e,22,1132,0,3,20550,0,85520,3,3,0,0,0,0
JufSg9mpGi1dVZ0C7zWA,26,8598,0,230,6738,92,0,0,3,0,0,0,0
Jt3kj7AHvPdRfL6yCh2n,23,165945,0,339,5861,0,35744,0,6,0,3,0,0
jUK5O9P6bJSAiMD0ofQy,25,21988,0,1107,3828,0,4813,0,3,0,3,0,0
juGVt8nSNeo7OJr2p0md,27,0,0,248,0,0,26,0,3,19,3,0,0
jULaFyfMxw9nPWX6uK12,26,8670,0,206,4600,92,0,0,3,0,0,0,0
JUr6yTFW3ExqApBt5S2z,34,1783,0,128,1053,0,218,0,3,0,0,0,0
JUCpOmLGibKr7gdPHfhj,24,70448,0,300,136,0,1519,0,0,0,0,0,0
JaQjr806qALIHS2MDZyf,24,19385,0,1068,1380234,0,1596,0,0,0,0,0,0
JV6Qew1hoIUYF7uiCz4L,22,0,0,3,0,0,0,0,6,0,0,0,0
JudsxDwAcT2XRjZkC7Yv,26,15628,0,416,149039,0,595,0,0,0,0,0,0
JkoiGmLfBj4FtErK1VOH,0,18205,0,362,31367,0,863726,0,0,0,0,0,0
JVSdyxfAB2Y3KT4ZihCk,26,8388,0,245,6331,0,0,0,3,0,0,0,0
JW5KOAExTVe2qH3kM4SD,23,13553,0,248,3875,0,2963,0,13,0,3,0,0
JwXPAuRDQva5FYe8t30z,33,1768,0,124,1068,0,221,0,3,0,0,0,0
JvHA2RcsbZqDQ5ETtog3,24,1658,0,130,76816,0,24261,0,3,0,0,0,0
JWZspDnaHodqzRly0fMg,29,2145,0,0,1057,0,1501,0,3,0,0,0,0
jVEk2G0fyQUiNWbxAzch,24,70003,0,288,379,0,1483,0,0,0,0,0,0
JXbBkuvnYF1tCANOlZy6,27,8605,0,225,0,0,9556,0,3,0,3,0,0
JxGT97ynUebwfFQZvdu6,47,2226,0,0,1046,0,1501,0,3,0,0,0,0
JunATHDXOfYZFlRpahV1,27,125545,0,524,62742,0,0,0,5,0,3,0,0
jxgaANiB20rR4UuSveCs,25,16788,0,125,4011,0,0,0,3,0,0,0,0
JycBQ9bRKZChEMI4DWPe,46,2157,0,0,1043,0,1500,0,3,0,0,0,0
JYEvhBDFS2aNocqUwkMb,25,1137,0,0,1039,0,1469,0,3,0,0,0,0
JyExpTqVMmeA2wH0FbkY,24,10830,0,285,984,0,614,0,0,0,0,0,0
jynSzuQrYfI7eGHWKmPZ,30,2188,0,0,1039,0,1502,0,3,0,0,0,0
jwzRSkGXbLEaZMsguQc3,26,87970,0,487,7946,0,0,0,5,0,3,0,0
jwJRB9KOeGsc4ME7WXuy,21,1866,0,171,141549,0,402,0,3,0,0,0,0
JzF18ftmDC3VOLnIAhWP,26,1306,0,0,1041,0,1474,0,3,33,0,0,0
jF8Qxdo3MyVEc9l6O2B1,24,13033,0,405,1231278,0,610,0,0,0,0,0,0
JzqSF8afm6XETrWbLpHl,25,1695,0,128,1050,0,217,0,3,0,0,0,0
jy6vK4hB8Z2eYMFXdkbP,22,1950,0,180,121557,0,1481,0,0,0,0,0,0
jpdhY15v8mkeftGiF4VA,0,14204,0,432,30550,0,880319,0,0,0,0,0,0
JZxp9mEVqv81h4s2YkCD,23,26939,0,592,2025,0,1740,0,14,0,0,0,0
jzf91HDNIbFMPaKEmZvL,0,0,0,0,0,0,0,0,0,0,0,0,0
k1fUSL4R0yqnAoEdQvlD,26,10061,0,206,4600,92,0,0,3,0,0,0,0
k2dfrliR13sGtuCTc4B7,25,1141,0,0,1039,0,1469,0,3,0,0,0,0
JzTXaNDCqKGuiEvrHOYS,0,51736,0,497,6579,0,21349,0,0,0,0,0,0
K17ifkYqXgNOHav8uzCL,21,1866,0,171,141549,0,400,0,3,0,0,0,0
JgoL72E0WlXhmFHD5cxp,24,14073,0,959,1403004,0,1399,0,0,0,0,0,0
k2uRGpoUItiWrTga9ysQ,22,3298,0,3,31805,0,95760,3,3,0,0,0,0
K47QO8LZycVNdTRu2F0P,26,1296,0,0,1041,0,1459,0,3,33,0,0,0
JySEQsbmRtqxuN2D5IYO,28,320036,0,1291,81998,0,26,82,3,529,3,0,0
K3BiLDx5eFqoG2tETujV,0,107748,0,694,25045,0,24572,0,0,0,0,0,0
K5g1aRrQn3tXvPbLGpMS,26,10807,0,206,4600,92,0,0,3,0,0,0,0
k3Gv04b1HUEMmrPCJAct,24,141925,0,994,82443,0,0,0,5,0,3,0,0
jYWpNLrtc2ns0kMizPgX,23,19175,0,140,318478,17,0,0,3,0,0,0,0
k7Xf4A2MhsF9jgiD1UGE,26,1446,0,0,1041,0,1470,0,3,33,0,0,0
K4hfUQFEiTBqIPauRYdp,0,7318,0,467,4377,0,7176,0,0,0,0,0,0
K4jGPJV6DUu7Xq1eFdrB,24,66006,0,279,279,0,837,0,0,0,0,0,0
k8eJUjLvbnw0NCI4Ttu2,26,10951,0,206,4600,92,0,0,3,0,0,0,0
k9Vp4RQczHiGXIJ10qMf,26,1309,0,0,1041,0,1471,0,3,33,0,0,0
JUKui8IlmdXj7DVLn56e,0,13947,0,434,838656,0,40124,0,0,0,0,0,0
KAGfZUyown7ieqDOgBYr,27,23668,0,168,45,49,1964,6,3,0,3,0,0
K9kNdLS83clsP0wDFObZ,22,3452,0,3,26317,0,86544,3,3,0,0,0,0
k6Mnj2POrsKEqVxeNJAu,24,16968,0,1277,170118,0,1907,0,0,0,0,0,0
k8qrhNTAG54fSl6jDtVa,24,66872,0,288,440,0,564,0,0,0,0,0,0
kBdDKj9W1rQPpoHmetaG,27,18284,0,105,24634,0,7224,0,3,0,3,0,0
KAVHCXZWDib1zxPOqINJ,25,13825,0,96,73744,0,1040,0,0,0,0,0,0
JyABO1D3n0kxMLIWq25g,0,8924,0,307,25267,0,802406,0,0,0,0,0,0
kcpjm3bSZFrIltvNVTMW,26,1474,0,0,1041,0,1471,0,3,33,0,0,0
kcAwuM18pnvfbgIos570,28,0,0,166,1490,0,0,0,0,0,0,0,0
kdmNfXGWslxUa3yATSFw,25,1390,0,0,1039,0,1469,0,3,0,0,0,0
jzWGYQn7q2fuCKNcUpAx,0,18133,0,355,30983,0,863803,0,0,0,0,0,0
kczYF5vSxW3ZrilfJesd,24,399,0,105,85520,0,19776,0,3,0,0,0,0
KcfgCTNF3aMdqJ0jyWSG,24,0,0,252,0,0,0,0,3,0,3,0,0
kflLjmJz8FGsprySOqoX,26,1301,0,0,1041,0,1458,0,3,33,0,0,0
kei4pRX9ENQaKFsLcOU1,24,386,0,117,15889,0,18333,0,3,0,0,0,0
kG29BLiFYPgWtpb350sO,24,11008,0,220,766,0,1000,0,0,0,0,0,0
kAQCMqUNsZDoribmvw84,22,3335,0,3,26070,0,262672,3,3,0,0,0,0
kgfPdjYxa5GtleWVrvEM,26,1297,0,0,1041,0,1458,0,3,33,0,0,0
KBvLr7Tk8OuoySgdA6eY,0,110946,0,333,26534,0,52709,0,0,0,0,0,0
kGf3NUtFcq2wCSD0Yeuz,25,25070,0,830,2405,0,2121,0,11,0,0,0,0
KGTOj6HAvNqWUcP27bCf,24,4237,0,91,4157,0,1004,0,3,0,3,0,0
kg24YRJTB8DNdKMXpwOH,24,69881,0,277,755,0,704,0,0,0,0,0,0
KHmRYShqZacoQEOJx862,24,0,0,248,0,0,0,0,0,0,3,0,0
JVPnwpfeExcNDt2ZTAQm,23,20206,0,1939,1416350,0,3005,0,0,0,0,0,0
kc01Wwz52sCaEVlFXgpG,22,5523,0,310,360565,0,2238,0,0,0,0,0,0
kdzj2p0qHin4fMBCaPF5,22,3452,0,3,27661,0,262672,3,3,0,0,0,0
kIpOXia5GrTjeNzV9K13,25,1532,0,0,1039,0,1456,0,3,33,0,0,0
kjn4yXdo0iLCmZ9GugOV,22,3305,0,3,27735,0,16913,3,3,0,0,0,0
KIMkclhHJbdsR5218rzq,27,0,0,110,0,0,514,0,3,21,3,0,0
KLaDWc2xvMJOdo87b9Zf,93,0,0,193,0,0,0,0,3,0,0,0,0
kl6Lw0U7WYT2biJXhP3y,24,577,0,130,75794,0,383,0,0,0,0,0,0
kLMHFv8hXS0atbDf7nGY,26,10109,0,245,6331,0,0,0,3,0,0,0,0
kI2PQoudeFEDYOBTliUf,0,90765,0,651,25259,0,26423,0,0,0,0,0,0
Ki1pYrmszFSjuWUvHIqk,25,2659,0,3,28923,0,262672,3,3,0,0,0,0
kMdOa9cZ3jw8GUFu52Tq,25,1556,0,0,1039,0,1457,0,3,33,0,0,0
kMDrx5LS2P864CIwNiVs,25,1146,0,0,1039,0,1469,0,3,0,0,0,0
kMJ8PQiEqdOx1wmF4cKI,25,1356,0,0,1039,0,1469,0,3,0,0,0,0
KM7grcA6yBk1J0CmaWiP,0,7341,0,435,4363,0,7234,0,0,0,0,0,0
KMAcej7qgX5u9RbTUZ0x,0,30097,0,59,19393,0,64691,0,0,0,0,0,0
kGITL4OJxYMWEQ1bKBiP,31,50541,0,542,0,0,28243,0,3,0,0,0,0
kqiOdVbRQlB2s907GLMv,26,1297,0,0,1041,0,1459,0,3,33,0,0,0
KHtk3pyb0qUlQr9hJda6,23,19373,0,134,324625,17,0,0,3,0,0,0,0
kDyOh6d8WQNTEoxJYUg1,27,15685,0,174,450071,21,0,0,356,0,0,0,0
KWg8T3NOYaQBF0tMqLm5,26,1293,0,0,1041,0,1462,0,3,33,0,0,0
kMAlu9InmCyvPpEDL46i,0,211039,0,508,6522,0,21312,0,0,0,0,0,0
l06yuHvrqdzTo8CQeAO5,22,1121,0,3,20115,0,16913,3,3,0,0,0,0
l0PMq9Be5ft1ciaF4IwC,25,1344,0,0,1039,0,1469,0,0,0,0,0,0
ksTyZ4jN21lBiC9UYOGe,0,95117,0,521,6673,0,21323,0,0,0,0,0,0
L0xnGubfYwOPpQAgVNvo,26,1493,0,0,1041,0,1455,0,3,33,0,0,0
L1o7HeFKzONsb3JvRy82,26,1464,0,0,1041,0,1474,0,3,33,0,0,0
l1OdNtIKM8Gi6jowZHg3,25,1136,0,0,1039,0,1469,0,3,0,0,0,0
L1OGj5BEh2drf0Wtiu9N,26,1479,0,0,1041,0,1471,0,3,33,0,0,0
ki3Fo5dh6yWAqOCBrEXP,23,19403,0,142,314889,17,0,0,3,0,0,0,0
KNlAmtEIizBU7X5H1PwQ,0,125873,0,329,26531,0,53349,0,0,0,0,0,0
l387nbiI4TU9LNMQt1Fe,25,10028,0,86,73744,0,1040,0,0,0,0,0,0
KXy5fwEeZon9r6bHAvRg,21,403,0,0,192535,0,0,0,0,0,3,0,0
l5zY6vNZbOKF07uSn2Am,22,3093,0,3,28075,0,55313,3,3,0,0,0,0
lBuYeZUbtHQVsh7Tn2NJ,22,13013,0,3,74769,0,1040,3,0,0,0,0,0
ldNfaCpceLnGUE0rPzqF,23,4334,0,3,31652,0,55313,3,3,0,0,0,0
lcqv9STBAX20houtQnR3,22,12350,0,3,73744,0,1040,3,0,0,0,0,0
LEnDGzVIjHaqmrPMJyR0,0,0,0,0,0,0,0,0,0,0,0,0,0
LH5pzdDSPOtgIaBC1jWo,0,0,0,0,0,0,0,0,0,0,0,0,0
ljFT1KeZmEiHxhuRbrcd,25,320,0,106,75792,0,24591,0,3,0,0,0,0
KQwj9O6dlPxNyf8zW0gp,0,3521,0,458,463647,0,0,0,0,0,0,0,0
L2QwdUyG0HISDVk8rcsE,24,24997,0,242,435,0,279049,0,3,0,3,0,0
K70AVwRbXjTFZv9g463D,22,25603,0,1179,1384457,0,1777,0,0,0,0,0,0
lS0IVqXeJrN6Dzi9Pap1,22,12800,0,3,65552,0,1040,3,0,0,0,0,0
LfVY3tPrRZHGQ2SdJm5x,22,2661,0,3,21009,0,262672,3,3,0,0,0,0
JPz2sCNRcjVUDrwLh8S3,0,5507,0,606,4423,0,3209633,0,0,0,0,0,0
ljuryB4bfagHqV5FM9Ae,24,425,0,130,263650,0,383,0,3,0,0,0,0
loIP1tiwELF9YNZQjSUO,24,631,0,109,264208,0,320,0,3,0,0,0,0
JUO3pfywZnC4e9xHLBMA,0,5350,0,641,4443,0,2842630,0,0,0,0,0,0
KNP2ROq6J8YEcmyrtSjV,0,18101,0,353,30935,0,863667,0,0,0,0,0,0
k2mxrqNg1JzRiVsIbytQ,0,7994,0,545,2355235,0,27610,0,0,0,0,0,0
KqEgONxfHdP5lLaBIGQk,0,9828,0,607,2511620,0,26429,0,0,0,0,0,0
